wallet,token_address,sol_value
JEAq8rjy9tdSnjjgezPWP6617PkF3ddMzmBHg9XRSYKF,GJtJuWD9qYcCkrwMBmtY1tpapV1sKfB2zUv9Q4aqpump,100.0
DCTKDUp91QF4s8XwgA6Y9zY2dCAUj4pnriyWnZ2b2okM,FvgqHMfL9yn39V79huDPy3YUNDoYJpuLWng2JfmQpump,10.0
DEGDqmEfViMJ3EWT3tA4z8MzMTxvherqXBLjYBDz6rZm,CWFa2nxUMf5d1WwKtG9FS9kjUKGwKXWSjH8hFdWspump,13.0
5Rxow9CPbEV3YjUr8y9Xnf8T8R1bqWF8tDCfk5CD7GX6,CNyMaRR4krm1yAxfCvPXevNMArZZZk7sRqKwX68uCeJk,20.0
5hcekoM96yLZRvGL2YbdogtnUtdhJq8jfzZgFEVpqz66,4ZiYgt9nyPXvSfBWADGYHiWnTdnogrFgLTALdFWVpump,14.04
DZbeqB81K6XkF3QKFsQfAosBSqBDqUpBUiSVRrncUtn9,7hfP5T1rirsb1EhhLrRnsM8EN3FCaio7cmAwMdcypump,6.12
GDrWv3LvTQ9KthfTsdQBqThmchfseHdx7QKzFKyC71Y4,4eKpTh1XedMmDc41sTfYmGDtALQYYHZZyawdwPMPpump,40.0
3x7RRpiDX8jwQ7Q1542oA8FSCLNsvoq8zqrtScFqvCTm,9f6YJrR9jMjp7iKf9Jay5omRnorSjSEbvEAdoSkJpump,9.09
6Tt3gG7skYxDtDHddvXvtsggYeF5HpPdtwim7VG85FJ2,HWnTV2PMEgaW8CBmW8mRyVsPCWQs954amFt1Qq7ipump,15.0
6shJsCAtZC5dJ3QDhHK1XbtkG5khrmCVaVEucWSPUE9h,2AkzNQ23RafGboTrPxW9p4D4g4hpY71Jc1pgQ4Ycpump,10.0
3N1H4xZUWTLeFWhn69fR24KnugeYgGEz9uTxiscrnRH8,FuQASH8ps9NPeDu4h3rVtMBygKYoSiSTZ4uSiA5tpump,10.04
4vdaHQc2Ce9iHxvRfDCTaNUi8ZU8BYzrkqg25e5tTuw8,zAgSwaSC2XjeM545v4YT4ifMpnxkuEE1f8Fq2Ygpump,5.77
9dHTMYX6wFyPta3zb4VYo7th9mtYS9ysgJ5hUa8xq13,74ZnBs4M4q2icYPLKry6RDFhCEKwgYNZAqq5Hxjkpump,22.33
6zDZ32CKVCJVbD2vNLyNKYRWS2vqhdZ9B77FpAoV4kaB,88YxavkzLJWXdRtqfg54gANpmn8xQGSYed65dGuc8qH3,9.27
6J8p22Q8XfZnRSZHKvo1CK24bH8KDYxoTfuFUWnA1gpa,7JofsgKgD3MerQDa7hEe4dfkY3c3nMnsThZzUuYyTFpE,6.43
4pZzD9RutSZekCNUAu2srn5985NdNq5M9mKDY81rPYGR,jimBqijNp9yZwgMmxFaLECr5rFypPGZQNEqL9YU4UjT,20.59
7hDYFYF9PVVyEmDUdUzXFt5PCkmm9PrtpP6x9iHrLCHF,GgvFJw7eGMwVruF3kTYeuwiTGBx12buZxt6gG6FTpump,10.0
GoyDdZG1pYQCRPEZaNWdDsZK7QPDMPPUY1VVkXes4sRn,ZEUS1aR7aX8DFFJf5QjWj2ftDDdNTroMNGo8YoQm3Gq,21.6
78x7u7jwmSyRZYpKvknTsMaDzCSuYtRsiAvvzPDwLQ44,JCEAhbs5giqvXX1uNqkqTViUgkjbMFC6MWb8uL5opump,9.9
6Tt3gG7skYxDtDHddvXvtsggYeF5HpPdtwim7VG85FJ2,FvgqHMfL9yn39V79huDPy3YUNDoYJpuLWng2JfmQpump,30.0
FRZj9fwsWictegkvC6aDeRZFWxa3mmFBhpKWwFHjBcoG,4j9bDg7iWNah1Qa61rrqwWZMtEdqV3fV56SzyhfNpump,40.5
77f8wdZZNVUdAaYDDHADLNu3NZSTd58Pv1TnCsqYW49K,H2c31USxu35MDkBrGph8pUDUnmzo2e4Rf4hnvL2Upump,25.0
CGMHhGbz391t4sGeNXjNEV3jHzWNvASZ8zum3fYpMVQ9,CWFa2nxUMf5d1WwKtG9FS9kjUKGwKXWSjH8hFdWspump,10.0
7hDYFYF9PVVyEmDUdUzXFt5PCkmm9PrtpP6x9iHrLCHF,SsKFgDPEqyzAM8nWPiiX7MGY7iNDTEX6DxRdxmkpump,10.0
6QkqUUdtaPJamPEmFJhB9LDL9n44aZjLPPKkChhQgxFf,9PR7nCP9DpcUotnDPVLUBUZKu5WAYkwrCUx9wDnSpump,105.0
GednEH4dgpdvTdUgDNHg4BAHLa5KPQojbcHSF6eg38JB,77RBCP95AFT9XRsx4xuGUHjBQsjcatGYCZ2VXx8Epump,21.0
HooderpigTVYapoXi6PQzxwtWhq3U1cuGvyu89fGjruY,6E4NgMPvK7fNYPUVc15rVCE3qM3qDrZKLii862HHpump,104.48
DtNTgDCMtoXK6BjFWmCC5MShwfN7j3ESEd19mTrMKZpk,ED5nyyWEzpPPiWimP8vYm7sD7TD3LAt3Q3gRTWHzPJBY,8.39
A6TFxT5HzHQj4EMXp9REaMxe1zniHh7hMGNAAgHZjzfb,FtoUJpmc6gjUk1FSAmpev1nXi44D6JNnWwimgCJCRXMK,6.37
4JgC6qG1GFbZJsTKWNUtLy8mvwHqFmSpo1ZgcBsws13p,GF4mRrsd52LHBZ4Fj9ijEwHCnh7c2wTMwDKwZQqipump,9.0
HooderpigTVYapoXi6PQzxwtWhq3U1cuGvyu89fGjruY,q4zBcfNxnFGSgoqtP6rP615SwYYuCfe1S8rGSiNpump,14.93
z7S88wfh3mp97PCEdCne2B27nWv8u9rmS7i2CzbuUWr,zAgSwaSC2XjeM545v4YT4ifMpnxkuEE1f8Fq2Ygpump,23.89
Dya9k7Si9MoikbnwpGKFwDe3GXbnbf5E3EqEyb1QVQsk,FfYhzJ7j3rrs4m4i1wKy5Bz5aYW8mKEGq2rxChU3pump,10.0
HooderpigTVYapoXi6PQzxwtWhq3U1cuGvyu89fGjruY,6na4kYZGAfcdEmU8vds7m3i1JjpwEKPTTvyZkVtmpump,7.96
umpm5D6AD2gfGbEEojV7BFd4cuDUgLEeDajuJCkUxac,3RfQPYVJgJbwyB3BzqqypCEWWryxjTfFDAcXQsckpump,10.28
9KjFdM5F36rGXhHQY1tXg1ehqrL9pL5xSUeiZhwV58cs,FtoUJpmc6gjUk1FSAmpev1nXi44D6JNnWwimgCJCRXMK,9.46
4vh4tC6N7oJeACxVD5MYDa3rzSGfbsgu81jsBcbXMBTc,Dctsus1FAf1GUJ2mM1TeBL7k1Za7Xk9T34T5vRzvpump,20.0
4WBWf5RjpeZra6Qu889nDdn9BAiTr7KrUi8f4JoiVYqn,HeLp6NuQkmYB4pYWo2zYs22mESHXPQYzXbB8n4V98jwC,84.64
AxmbJ3RnvK332VSvN1EhhaRfgFSqxNRkJn7iyuzUBbFq,6d5zHW5B8RkGKd51Lpb9RqFQSqDudr9GJgZ1SgQZpump,20.0
FyKR7QpETzPgZ1TTdP1j54X8jHk9ceunXkjyzSUnuwPA,7JofsgKgD3MerQDa7hEe4dfkY3c3nMnsThZzUuYyTFpE,8.51
1Am9mKcQu8MJKzfMBG7JztZsrPaFPfUKh3BsDNe6LrW,88YxavkzLJWXdRtqfg54gANpmn8xQGSYed65dGuc8qH3,6.63
GbkyJGn6z2MKUCpd1HFPeN6ttbHppNbTBKZZV3i8yLGU,3B5wuUrMEi5yATD7on46hKfej3pfmd7t1RKgrsN3pump,11.12
6NBwd39pzYePpQKMoP9Yghg6usCvRJT2RPqT6dUk9QA5,wUtwjNmjCP9TTTtoc5Xn5h5sZ2cYJm5w2w44b79yr2o,8.27
DFCsk3eC8c4VLMSqzzBNBwPsb3jHh562GnnMwY3jRsck,9cS2vsANfgEp9urCeDbbmsT7Y9Ci4mMW6JQpnEe4VHGZ,14.62
F9tUtvGsjHpooegDjNbjcLRBD9pLvFB8dMkE8iQdpfcG,88YxavkzLJWXdRtqfg54gANpmn8xQGSYed65dGuc8qH3,10.33
71CPXu3TvH3iUKaY1bNkAAow24k6tjH473SsKprQBABC,6E4NgMPvK7fNYPUVc15rVCE3qM3qDrZKLii862HHpump,20.0
FbhggX4ZuXrGJ1E6XFUQfjCk35jy8RSjPrCUBiBoxXnq,CQc7KZe9SvkrMXbRaehCT39HBiGgQFexVLSaoYsvP3Ue,16.96
GV3AfNTRz9Ratb4QxgDx7YzUM4aMNBaX3NDGy4o47F9o,CQc7KZe9SvkrMXbRaehCT39HBiGgQFexVLSaoYsvP3Ue,10.0
Gwmnx14fZqLEaRu7KL8SZt6cUbscwrXzoJMGnqoRtsoS,4j9bDg7iWNah1Qa61rrqwWZMtEdqV3fV56SzyhfNpump,25.0
CEBxYsY5wGXyMfPmh18CjPHXuwP96EYEhtf86neky8Jc,AT7JkqZSctTgAovmXXX3tvnfPexwhGucX79W1oSzpump,10.0
nNoD91dZKDjXFKbKQpW9YkGkRf6W2zxNh7Lraapazvs,9j3M6sv9EZcfkJfhmHs8kQLYbVzAfBKxZRbkAhYqUdS3,9.5
xjczByprbGUnn89KRm62zv8cnDhSJhUuGDntuXf8gCq,FjTJCCQpLU4fpH58mN1bTQXiQsjJVYai3QYFjYqYpump,23.0
6FJET54Qmg56kdge3QTC3eHgWzm96trRj2FLTFxY3rVP,U237C8hKyZYL42TEtTv6JGtdwDr3pZaQeeWMCVVpump,6.0
9m26sN95Y8EzsHxc8hQxhuR5URobNqAq667sTcfQm8W4,9j3M6sv9EZcfkJfhmHs8kQLYbVzAfBKxZRbkAhYqUdS3,8.2
H85Qp4zDMsHQLRBqVFmVwcKAPoRUQRTejW518T7ZrWMd,zAgSwaSC2XjeM545v4YT4ifMpnxkuEE1f8Fq2Ygpump,69.18
G1R2PDSTgi5Zwcx3dVXM33eetwerkxQRcag7bjtQ1ouP,FtoUJpmc6gjUk1FSAmpev1nXi44D6JNnWwimgCJCRXMK,9.37
J6jMwzssizRmjL6k7nzKY2J1tK2MCRy14Vf16BrRKDSg,9cS2vsANfgEp9urCeDbbmsT7Y9Ci4mMW6JQpnEe4VHGZ,20.0
C7T25UbWpFmgzhPemHEKKfM5BLJJbHE19ZA9ndzwXVH3,CefZxozhhxK88XPJoeWBczYSaBPd35tsKnziTH6Cpump,24.7
DFCsk3eC8c4VLMSqzzBNBwPsb3jHh562GnnMwY3jRsck,CQc7KZe9SvkrMXbRaehCT39HBiGgQFexVLSaoYsvP3Ue,32.9
2RKYZbDr4EQidAq8N7rdysQXTAp6LE8cxPjdKSsnWY24,FtoUJpmc6gjUk1FSAmpev1nXi44D6JNnWwimgCJCRXMK,5.68
9EL6T9ziknkm18KJ4PpKzZ4Bu4E4zbxQGajCATH6Cgw7,FQ1tyso61AH1tzodyJfSwmzsD3GToybbRNoZxUBz21p8,16.9
EcoPCGhzVtg7qJTGa8fdW7K7YC1u43nmc4SW41sPrbUF,DKu9kykSfbN5LBfFXtNNDPaX35o4Fv6vJ9FKk7pZpump,99.15
5AqdZ5a1NoM4xMR8r2fXncJZVWa9wHZqyS6DAHtcaMBf,DKu9kykSfbN5LBfFXtNNDPaX35o4Fv6vJ9FKk7pZpump,7.93
EZgZ3cnhjGjK3sU7ZHWakmAMwXUzYhu77d1ZUvBWjbzq,bGxHNbsacaVL35pkYWae5PYQDZXSpuQb3QDyW31pump,10.0
8NyY1xhWb1Q1FSXCZfhu7jjb8ACNshKgHfZsYTRDjmvF,9j3M6sv9EZcfkJfhmHs8kQLYbVzAfBKxZRbkAhYqUdS3,5.4
J84pvUHUXAiw2EXtqhTvXKZFWKhEQa69dUJbfmLiH8ZG,FLqmVrv6cp7icjobpRMQJMEyjF3kF84QmC4HXpySpump,72.36
4LKsQC8TAnMt223hk8jKc42wZdSeoUQAwAQFzPrBosgb,8x5VqbHA8D7NkD52uNuS5nnt3PwA8pLD34ymskeSo2Wn,20.55
FA4sf42nHK3zrAga2wTxbRxiGdegsgy2dRHmwNWad7uf,Bz4MhmVRQENiCou7ZpJ575wpjNFjBjVBSiVhuNg1pump,13.84
43S5gbuHtC3UQxhdEzJpts1S1afmCqoGUEFx5iUhMznM,5cesMo17yM9z647BiazDPKZaTztzT3fVYKx7buC1Dd41,333.0
ATmKENkRrL1JQQnoUNAQvkiwgjiHKUkzyncxTGxyzQL1,51zudBR4NmATG35goida4dLQH5YPn9k8hVkLcizNpump,49.5
7G9mw36Uy4Nu6xZGo4m7AGUpjSZ1RPryKacTdMT1DUSm,7wM4MnbsPsG95A3WhZgbrPWvMtydKmJjqKr2ZVJVpump,20.0
2Fnz4vkm4DNGQ3Dxqqop9HGVfuPUWct4Xd87vAqr1geu,JB2wezZLdzWfnaCfHxLg193RS3Rh51ThiXxEDWQDpump,16.28
F2QvgnTCcERCtdCy1LZ8G6ZTCxCbRgVqQHZdeADU6xNq,5NmDofUfjrAydmLGRyXrbiYRDZ2LhvdEG3jLWHUTpump,23.57
4RbYyfZsj9zP6kXGY4MFbLTbKMujcCB9sptsgPcExgHa,FLqmVrv6cp7icjobpRMQJMEyjF3kF84QmC4HXpySpump,50.0
HL8iKgN6DwGto4YuMAEbb4HT8jiTu5wsesW7JXjXYigU,FLqmVrv6cp7icjobpRMQJMEyjF3kF84QmC4HXpySpump,7.0
BGFo1zmqLXydc4WAvvFc4pzZPPmpWKrZGnQ4GwBQiqJB,HeJUFDxfJSzYFUuHLxkMqCgytU31G6mjP4wKviwqpump,21.24
DHYFqZHAwoQ4WXf9Ww2QeUF7Bb53kHoYxmr88jc2uZf6,FvgqHMfL9yn39V79huDPy3YUNDoYJpuLWng2JfmQpump,33.0
3zDoueY4CyFC8toyJcoRViKcViQV8GvpSzpTPF4Xiweu,FQ1tyso61AH1tzodyJfSwmzsD3GToybbRNoZxUBz21p8,40.0
4w3mkMCQZh6nAXGd7C2J4trCrQEAwTU7DigGov3jYYr6,4ZDFnVXL2ED9htVnLTNMwCwVttp8TbBJcwzFePZwpump,20.42
6hCLwG2mG7yaCjSfhNUARE7U1Ns3EQHf8hYsxK2Js5HP,5Dric53UpqaxpNep1zd4YvbyqJ2srB84HX4vTRmYmU9V,40.0
6hCLwG2mG7yaCjSfhNUARE7U1Ns3EQHf8hYsxK2Js5HP,Fgz5aeo6XBhCXRs87e7wHApixXXqTaAgTrFYPorHmdP2,40.0
CNKhiby6pMGXARkdYoZeShCZkB5gpHxPWwZA25DCtkc2,bozdUuCb2kdipxES9PzsYHmDVrf7FBTSW3p1CFBpump,40.0
5iBF5rATadifTuPBS1uR4XMvJemV7YrkCyN7DiUwHhpz,FfYhzJ7j3rrs4m4i1wKy5Bz5aYW8mKEGq2rxChU3pump,10.0
HMKrTy9MVjDZdhBcLkDQ4i7e2w6dJJ88EkbaXHJcryH3,2i4yVrkAH66ZekohRra989GoAaDWujVNUaiQFzDZpump,35.0
4ozXf82qz1fhSLqtn6z82Ppx7wXKeBDsMCi8aZWirXqN,9j3M6sv9EZcfkJfhmHs8kQLYbVzAfBKxZRbkAhYqUdS3,5.6
6WWUwHV9dJ4mvm62J6kWjrxdqxtLPBtcPuwpfv9xu7cZ,AXNgt2tyXdoNR3VaXqtN8E91m9ZwKCJrVHAX6r7Dpump,9.9
4HwUKeLwmAvhfchzzDnA3ymaJFKY1ndyS913R9CSqBD8,62s62dddFyBaxwJuDC5z6K7xAsdBzNW59jVHgN9ZHPcp,441.21
9o9t1xsd4YNu9kceom7vhPkQSuDb1E2A4MwymorLrUBd,bobaM3u8QmqZhY1HwAtnvze9DLXvkgKYk3td3t8MLva,37.12
7cxzyzdrJyYKXXGAaLYFaLTFW4NfA55zFgrEYnCtugDE,FLqmVrv6cp7icjobpRMQJMEyjF3kF84QmC4HXpySpump,43.0
3drY9kTvdcRXHEDUkqncyXAVqEnFLDHckiDPM7ApegmT,HB8KrN7Bb3iLWUPsozp67kS4gxtbA4W5QJX4wKPvpump,10.0
8vrPi9RxTYFPHM4uQBeC3CfM6WAXxhdzHanKnhmiFUtC,FQ1tyso61AH1tzodyJfSwmzsD3GToybbRNoZxUBz21p8,11.91
FV3XsftEGauc6YPRWJWB3ox4JKKUaGgPhqLWXRH15Yjx,EmhVWGUa2Q9PN4QjzFjvuVyzFKg4s3ERwjKR9dQDpump,10.34
H2gUJHq7toz84vvfSYjHtdvBj9HUKcwvGodJ8CBZeHw2,GxdTh6udNstGmLLk9ztBb6bkrms7oLbrJp5yzUaVpump,8.66
FTg1gqW7vPm4kdU1LPM7JJnizbgPdRDy2PitKw6mY27j,9hCxef5D9LGB8ctkXy73XYTvJJJxrPKP9wDnYs61pump,30.0
DHYFqZHAwoQ4WXf9Ww2QeUF7Bb53kHoYxmr88jc2uZf6,FfYhzJ7j3rrs4m4i1wKy5Bz5aYW8mKEGq2rxChU3pump,20.0
AQVBxfyseUrHRw2osb5cWjXbia56bDdQ2YFbugcKmACD,79yTpy8uwmAkrdgZdq6ZSBTvxKsgPrNqTLvYQBh1pump,40.0
F6UsE5AeTr8y75NdtYL8uf3aDZwuzeAD1Q29GXw3iPuU,B1rDN8tAAno3SAg1ZhESJGkkB1LnQ9pWx9oToFb3pump,10.0
6fuqyGtWbtx3FDMNbKv7wyqVQNxgvwmZWqrH1AVjSiDC,BX4X831xPAS2xYi7PQQyVrBvHWyftU53PVz1cPwLpump,41.78
Hi4X8KTcYQKNBmAnarHdXGv6dz4RSjCHZHoi3p6XifKz,HwPtbFpd3VTe3tfyosoVtPf9WPuSk5gAKkN5xp6Npump,49.5
F6UsE5AeTr8y75NdtYL8uf3aDZwuzeAD1Q29GXw3iPuU,GJtJuWD9qYcCkrwMBmtY1tpapV1sKfB2zUv9Q4aqpump,90.0
BHm7V3tVuoNa3s1DJAcc9MngvEQjKM9KRz5YfM3eijXt,GxdTh6udNstGmLLk9ztBb6bkrms7oLbrJp5yzUaVpump,24.77
jdVivp8dxRPDFbSxQqEMcePEvWbG6Epo6YQJwYps9gn,HeJUFDxfJSzYFUuHLxkMqCgytU31G6mjP4wKviwqpump,5.36
F6UsE5AeTr8y75NdtYL8uf3aDZwuzeAD1Q29GXw3iPuU,3qq54YqAKG3TcrwNHXFSpMCWoL8gmMuPceJ4FG9npump,10.0
H3ULqKdSDvXAz1UKQYyfauoak7ZF8ubjQtL6yPKxLVn9,6E4NgMPvK7fNYPUVc15rVCE3qM3qDrZKLii862HHpump,89.1
Fxxr4wj8MN5f3Dvxr85tPA59M3GpLtQ5q5to8VEY327g,Dn3AKjKKt2QVLCSaEzt7Yhief6xsgxTyxv32rKYDpump,24.75
6WWUwHV9dJ4mvm62J6kWjrxdqxtLPBtcPuwpfv9xu7cZ,5tZHKgJpnF1hsjSnQ5N9NA2c3S4QzaFw3uq2ARGspump,11.88
5C6iqVsA19nphVfhtfCUSq1DEHNfjSGTj7BBnjdoFgZd,Bu4tm4gdpFXWakMiTVSBtDp77Mia7tEe8cU4H23Vpump,25.0
G1TVaxpCJLnYXYBbi5rj2izPKzZJdiUvpFcBPU587oC,PzuaVAUH2tfxGZcbBR6kMxeJsBngnsPLFotGJNCtcsd,5.83
4WBrH5BqXA5h7ziXXDSyf2KFVLEJGURduxs5TqL1c5XE,2u98MM7DMtVmNG4iAKRNMtynjmkzgD6fXAzB3wVfhQvg,13.83
ATZ6KLW5z2iznBhMJogcowE3iTbDL3bLph4d4dwcFjvj,4eKpTh1XedMmDc41sTfYmGDtALQYYHZZyawdwPMPpump,41.18
Sc6XKPYoFVuiKhAUvSi9eHQDW477XxP8A4Ea8rqcg2T,BmK7xum1aqHGU3im28AgEGSYYFzpF18rGWxGyhqF2XJD,6.48
2PPZijB2BZG7DRuRYA7Qu54daBickwYgtfHXBNMv9B7n,mDshrPRV32j79trDVEQjdRsfZ1zdzjwh6eQK9e9pump,20.0
5pPX5uZKkR4Q1Temm43zReKZ6tMrx1C8SexpH4o17s1c,EG1Y8goUGa7y4iRYRgLgwBmSHc4Lxc91qL35cdDNBiRc,14.92
Gjrs2PCZ8xLYsQ65iD3fkUN5hTHQSAaLGDHVVVgHPqUP,9j3M6sv9EZcfkJfhmHs8kQLYbVzAfBKxZRbkAhYqUdS3,16.4
9pAGsc5QaKC9oR2p47GqAe4fdofut8uqFgRrYeBWR3sh,8x5VqbHA8D7NkD52uNuS5nnt3PwA8pLD34ymskeSo2Wn,29.7
6hCLwG2mG7yaCjSfhNUARE7U1Ns3EQHf8hYsxK2Js5HP,mh6vN393uETu5tgeRqUwv77QXmbaGHp33TCX5JF1R8E,40.0
8U19wrtzN6BkBhxbM2YtUgCcXrDdyzdjwLNE9RfLfsJb,DwDtUqBZJtbRpdjsFw3N7YKB5epocSru25BGcVhfcYtg,49.33
2PPZijB2BZG7DRuRYA7Qu54daBickwYgtfHXBNMv9B7n,GBeRbFsD9trCxcXZR9SKPUDF7CV6CNM1ahoVcn44pump,10.0
D8mi2YA7GEoU49TQrPxxdtKHMtirpDgK2ZTe3jpcSUne,Bz4MhmVRQENiCou7ZpJ575wpjNFjBjVBSiVhuNg1pump,6.96
F6UsE5AeTr8y75NdtYL8uf3aDZwuzeAD1Q29GXw3iPuU,6E4NgMPvK7fNYPUVc15rVCE3qM3qDrZKLii862HHpump,15.0
BHm7V3tVuoNa3s1DJAcc9MngvEQjKM9KRz5YfM3eijXt,7d7J9BPxqWwwAktWTWTSvBsXzMKfunuC786tTL3Zc1m7,22.8
34KPE4ynkaXuAUbVHuvZ7RS64ffQpANwHcGqXbK2J79Z,9PR7nCP9DpcUotnDPVLUBUZKu5WAYkwrCUx9wDnSpump,99.0
7SXQrQgiNc2pA2rtKzKHSpo7Se5kCprcrNzjdowceusd,9PR7nCP9DpcUotnDPVLUBUZKu5WAYkwrCUx9wDnSpump,123.12
CeBg9wnDAnJbA5ygdbk2YSy3Bb6BaedazvXYxudsJPhY,rizo34MUwbCBqpSTSfnEktdWB4CTByqqYh8zBxL3WAR,8.0
6AoYiuqUVL7r7JFKK7izy9UryUTj2ijUJatHqb1AN4Sg,bozdUuCb2kdipxES9PzsYHmDVrf7FBTSW3p1CFBpump,15.0
B3nPXcoRqJZma1aymixh6JAGsqMR7SYjFn7aajg7XB86,DwDtUqBZJtbRpdjsFw3N7YKB5epocSru25BGcVhfcYtg,58.48
8r3WKjyASS37uusf4NDXHKfDbKeVnTTsHoMA71kHSA7N,H2c31USxu35MDkBrGph8pUDUnmzo2e4Rf4hnvL2Upump,15.0
2EqTXm8ipXwym5FZionrbH6AndK9SnG4t1UWP3h86aBB,DkF9tvwawxNqoYtvChKpBcY4M8bhaWMEdLqADX5q8Y3L,20.0
8agHfdku63Ft29rpAqJwFAGigK17YqDvA5rmKWmPmr4R,FvgqHMfL9yn39V79huDPy3YUNDoYJpuLWng2JfmQpump,50.0
5p5G2ChtAkLp1i7dmu2AgmM1zuPm8Ym2j21nN6AbejGi,4Ly3UtD5kbC9o6Xb98AfVCyimhgx2d8YiytZGt7ypump,8.18
34KPE4ynkaXuAUbVHuvZ7RS64ffQpANwHcGqXbK2J79Z,CNvitvFnSM5ed6K28RUNSaAjqqz5tX1rA5HgaBN9pump,100.0
3hQifptyGquaiusmDmKoWLEnFhr6yKLf6BnkLRnDJN6M,wUtwjNmjCP9TTTtoc5Xn5h5sZ2cYJm5w2w44b79yr2o,50.95
6AoYiuqUVL7r7JFKK7izy9UryUTj2ijUJatHqb1AN4Sg,CefZxozhhxK88XPJoeWBczYSaBPd35tsKnziTH6Cpump,12.16
2xsAdSfxz5uCTThArrCjbPKW2UyDT6bEwBD5zvmepno8,DKu9kykSfbN5LBfFXtNNDPaX35o4Fv6vJ9FKk7pZpump,114.6
DjeD3cnpxg8n6NpsC9WqrQgK2TDr5qTTELkkfmVgde5b,FeiEDFwX4p2uLBwGLWv8pfgNz97nPtPX5xM3unrLpump,60.0
34KPE4ynkaXuAUbVHuvZ7RS64ffQpANwHcGqXbK2J79Z,EG1Y8goUGa7y4iRYRgLgwBmSHc4Lxc91qL35cdDNBiRc,49.5
DK2oTTJ9sKvNrueUkFKKN5kAMGG2mfaGjNoGDEnMSLfL,5h5YCbybHMpVj378FrxrypY9eXKoy92Vpw9xyru1pump,20.0
5p5G2ChtAkLp1i7dmu2AgmM1zuPm8Ym2j21nN6AbejGi,FLqmVrv6cp7icjobpRMQJMEyjF3kF84QmC4HXpySpump,8.0
6AoYiuqUVL7r7JFKK7izy9UryUTj2ijUJatHqb1AN4Sg,Dfh5DzRgSvvCFDoYc2ciTkMrbDfRKybA4SoFbPmApump,15.85
93G7hi5tWVExSp8wKT89U5E4MpC492bnYFbDj7nx7wVv,Df6yfrKC8kZE3KNkrHERKzAetSxbrWeniQfyJY4Jpump,23.03
3YT4QAMbkR3GC18QU5b8CTXfyvs3DWvse3hGij9hPaUT,FtoUJpmc6gjUk1FSAmpev1nXi44D6JNnWwimgCJCRXMK,13.53
6mPQisYxKb6mQg26QKYVPVCbtQqczXRt2Sws7KomuCUj,FaDQpUC4rcbUWonVmN6nULcWQnEDqk8RzWBfaanVt5N9,10.26
Ba3KEXuGGXUw6bp4orqBXyAgTRVgGxcv9CfXugnK6kPQ,H2c31USxu35MDkBrGph8pUDUnmzo2e4Rf4hnvL2Upump,8.26
CWisNUm7KZyAre4aoif9MVM5LFePfMhDvNJPGuvXFEy8,BsAEhPN1DKfpjMoSZ5UnDTL4impSYvT9ZpFjnBD2pump,102.03
28QgtoBkk3PaLBDwdEZ6x6Q9E7EC9TDnTNryztA1syYy,FLqmVrv6cp7icjobpRMQJMEyjF3kF84QmC4HXpySpump,20.0
QpXePTZRq8hsNrQ8DoDHu1RFMc1yR71MYKbW3J86ALP,EG1Y8goUGa7y4iRYRgLgwBmSHc4Lxc91qL35cdDNBiRc,20.0
C7a5x9WY2HfCTAbK5ueDS8BDg7s5ZNiUiYRGMJBBW2gi,FLqmVrv6cp7icjobpRMQJMEyjF3kF84QmC4HXpySpump,40.0
DK2oTTJ9sKvNrueUkFKKN5kAMGG2mfaGjNoGDEnMSLfL,FfYhzJ7j3rrs4m4i1wKy5Bz5aYW8mKEGq2rxChU3pump,24.0
DNfuF1L62WWyW3pNakVkyGGFzVVhj4Yr52jSmdTyeBHm,7fgkPfcSrv3WHfWegTrT1UFT4XhkNFhYeypyEiqepump,50.0
HYmAKzs39F3bSaLoBsMHdCDNSDsBxyG72kEcioJaYvu7,Df6yfrKC8kZE3KNkrHERKzAetSxbrWeniQfyJY4Jpump,21.61
HcELxUYJQKsiCuHH7SJoBhTsjpxReKzmDuAVqRZssQoJ,9j3M6sv9EZcfkJfhmHs8kQLYbVzAfBKxZRbkAhYqUdS3,8.2
AhQmBnKaDSqkxUGrSiG4auigQBbuiyg25xJK2mBivtMt,5SVG3T9CNQsm2kEwzbRq6hASqh1oGfjqTtLXYUibpump,25.0
ERxUgNavZ2HiYTNrwASX1SHN8zqQCSp16W9rBNaGYLwX,79yTpy8uwmAkrdgZdq6ZSBTvxKsgPrNqTLvYQBh1pump,25.0
5YykNBAXn4JdUFMy6icukcLLxbjFwrufTxN3b9QLpNAL,7rJp1KhptfCXd6K46bQzaGRYYUboyPE1u6fzEYBKffZB,9.0
6AoYiuqUVL7r7JFKK7izy9UryUTj2ijUJatHqb1AN4Sg,66gsTs88mXJ5L4AtJnWqFW6H2L5YQDRy4W41y6zbpump,16.26
8rvx9noLPaUEqqiHXgQpQUtKNBYVX25cM98AQc8ngFL7,7wUwkXo8Qjt3cYM8BaHHHeyfDY7ZSn7qvod92pNupump,20.63
7oaPXiGuKPhFRaKUp95gFZpZnNr9XinauXV7GrEbimiE,HKkCs86LbHpqpjzywXcNcSgAfsaktK2utsz3HuAznCTX,9.9
2xsAdSfxz5uCTThArrCjbPKW2UyDT6bEwBD5zvmepno8,Cwe5k2iEy8dt7vCGY93GBrqQS4FWyac6pQjvjLcPD6qp,114.63
oTm8X7NwLpLcMP1Aq79MvETBp7hMc9hdZPHxxrebhGY,Cv4LZouzNE676BPYVZBxLwCVjWQYTDvg5cdBqbCkpump,10.03
dbt7xY87Cn7hpzRCbkNztAtYEfRfTcoMFk13nWRTvBQ,C75XDvzWLKvjMHUAAFPNsYMFsmtG4eCVpkseeXBpump,6.66
ZLgNEZsXCunR6TrZCk5eeK71MmyLLi8Zy18vKgNLJUL,8g32ps7JWAL7EDkmBhW49dkUCHRq1Des1Hg8sPSb3ou3,10.04
AhQmBnKaDSqkxUGrSiG4auigQBbuiyg25xJK2mBivtMt,FjTJCCQpLU4fpH58mN1bTQXiQsjJVYai3QYFjYqYpump,10.0
8agHfdku63Ft29rpAqJwFAGigK17YqDvA5rmKWmPmr4R,GJtJuWD9qYcCkrwMBmtY1tpapV1sKfB2zUv9Q4aqpump,100.0
3Bg4JSD5WrpkpXvYG7NwEFzMB9qW5PTw34M6wLeAuuh5,CzLSujWBLFsSjncfkh59rUFqvafWcY5tzedWJSuypump,31.35
AAcbAqWMz8vJbRY1ayr8ewjrFiZDhrM8kqYUew7Tytpc,6E4NgMPvK7fNYPUVc15rVCE3qM3qDrZKLii862HHpump,9.9
3H2wXwyEDu9CcDTKRaHzJLDa3hM41AhJAaH2DqoZ43NK,AHqEyYzx3dbkx5DkRvst8Hzf3G3T1QU5VvG5aonepump,6.94
2sZYgKZLGpb5z6MfYnNNhqnxToiXwWy6NwvvmVQbz6L4,FfYhzJ7j3rrs4m4i1wKy5Bz5aYW8mKEGq2rxChU3pump,10.0
2dM6wMKS2is3jpwMueXvLfCgwveMiwB1iQNowkjx3x8S,CQc7KZe9SvkrMXbRaehCT39HBiGgQFexVLSaoYsvP3Ue,25.0
3cDCdriSsgjpUERc1C2CxTqJr1J3NftiWm35pKZVFBj7,7fgkPfcSrv3WHfWegTrT1UFT4XhkNFhYeypyEiqepump,22.5
2dM6wMKS2is3jpwMueXvLfCgwveMiwB1iQNowkjx3x8S,HKkCs86LbHpqpjzywXcNcSgAfsaktK2utsz3HuAznCTX,25.0
GkPtg9Lt38syNpdBGsNJu4YMkLi5wFXq3PM8PQhxT8ry,BqV8YSrSZitfTc6ufZxYXkPnJDyaZcJDWkBJmSSavive,10.08
627kcKByJQAJEUqzNnUDYZa725i7L1iKqmmPs3AdChKs,8AS9yeGsAwvTs9gCDKMmB2MgX8NiSvv4uppH61yqpump,10.0
627kcKByJQAJEUqzNnUDYZa725i7L1iKqmmPs3AdChKs,5WGkdemJNEoAVKveDQdzQmDqTyxCraXGw9ACyrwCEUMS,40.0
kXgfmTvDbC3UotozTLoHhRpSrXMMdV5w2uH5Fm12oWz,9f6YJrR9jMjp7iKf9Jay5omRnorSjSEbvEAdoSkJpump,7.13
Axu5i2bDSSrjAQYsSCYtALGNSvzNLuaCbTbReyqpQqYy,GJtJuWD9qYcCkrwMBmtY1tpapV1sKfB2zUv9Q4aqpump,10.0
svfTb4J1T9rDtycQA2zk7X9wuvUwqhvVaZUZy39eLAA,CqQWGaNTWTvyjoiaVrHxvXsFfZmGsgYCLbU2XwQYARBB,5.2
A1C6MhioaEYTaock4vxYMgGHREWrkdZ3bEWkvyHmAcXW,HgBRWfYxEfvPhtqkaeymCQtHCrKE46qQ43pKe8HCpump,6.16
A1C6MhioaEYTaock4vxYMgGHREWrkdZ3bEWkvyHmAcXW,DQc6FTgu2HiB1PMUkHj8SATCtxsCeeMz5hiaqwk1pump,6.2
4HM1wQ34WTLXfz7nzZbLTpP81KYKu7B3NvnJtE64w8Nj,FQ1tyso61AH1tzodyJfSwmzsD3GToybbRNoZxUBz21p8,23.68
7cYxqq8wctpSN3WTNzdF98zaFnFUuzUwycin248BcAVx,HwPtbFpd3VTe3tfyosoVtPf9WPuSk5gAKkN5xp6Npump,90.0
Asr7iSJsAaKR2KAo1kFAkryJ6vGWBaLCTRTkermN3CC9,EG1Y8goUGa7y4iRYRgLgwBmSHc4Lxc91qL35cdDNBiRc,17.33
HVTCk8GHgMAcwjeBh9q6dekPMHYzRvQ6MwCVYFLemu3M,HB8KrN7Bb3iLWUPsozp67kS4gxtbA4W5QJX4wKPvpump,48.16
7cYxqq8wctpSN3WTNzdF98zaFnFUuzUwycin248BcAVx,GJtJuWD9qYcCkrwMBmtY1tpapV1sKfB2zUv9Q4aqpump,200.0
2WMC3JaX7ohtugKqQ7ZYiYy27uVSew5djvsEV4tyvvwk,FvgqHMfL9yn39V79huDPy3YUNDoYJpuLWng2JfmQpump,10.0
EtHWjHF3jQFMTimhYzMt6XSffinACLmCPG7fe9BoYrKE,Dn3AKjKKt2QVLCSaEzt7Yhief6xsgxTyxv32rKYDpump,10.0
A1C6MhioaEYTaock4vxYMgGHREWrkdZ3bEWkvyHmAcXW,HBoNJ5v8g71s2boRivrHnfSB5MVPLDHHyVjruPfhGkvL,12.37
DbZsJcgAWYfC3q9aeSDv6oCa29RuKiFBndpmbEbtKvHA,6MRP1uqUFXJ2typEjEhPAYSZqAJgVmpPKZgLFPBYSZ2C,6.2
8kPBgXANmoN7JhAtk8v11mbYevsvMtpArPgUggDtoxQk,6E4NgMPvK7fNYPUVc15rVCE3qM3qDrZKLii862HHpump,7.93
627kcKByJQAJEUqzNnUDYZa725i7L1iKqmmPs3AdChKs,bGxHNbsacaVL35pkYWae5PYQDZXSpuQb3QDyW31pump,40.0
9YWCb9AcyZQ4KuFNNYzVSAd4nUWRkdMoeFptttpKodrk,FfYhzJ7j3rrs4m4i1wKy5Bz5aYW8mKEGq2rxChU3pump,10.0
2dM6wMKS2is3jpwMueXvLfCgwveMiwB1iQNowkjx3x8S,7fgkPfcSrv3WHfWegTrT1UFT4XhkNFhYeypyEiqepump,25.0
FmhDonUB11n5WyRCDEpxnNJhXDVw1JX1XJSD72ssQFhB,4eKpTh1XedMmDc41sTfYmGDtALQYYHZZyawdwPMPpump,37.76
BjMcxtNDjkbLi9F52DANggjAX1QiVc6pTX7pPpvVdoWU,ED5nyyWEzpPPiWimP8vYm7sD7TD3LAt3Q3gRTWHzPJBY,61.99
HVTCk8GHgMAcwjeBh9q6dekPMHYzRvQ6MwCVYFLemu3M,39qibQxVzemuZTEvjSB7NePhw9WyyHdQCqP8xmBMpump,28.45
627kcKByJQAJEUqzNnUDYZa725i7L1iKqmmPs3AdChKs,EG1Y8goUGa7y4iRYRgLgwBmSHc4Lxc91qL35cdDNBiRc,10.0
77733XVQR634xjGunNXD99WLUfBHU53bh3rLkywRZUjD,9PR7nCP9DpcUotnDPVLUBUZKu5WAYkwrCUx9wDnSpump,60.0
6rMA7HA3x4N5jeM46cNxFQePxcH72YqMsxezUEpN5KM9,28tVhteKZkzzWjrdHGXzxfm4SQkhrDrjLur9TYCDVULE,6.74
99KqN3ejV7VP7goNHbzibNLNYVrp4T7BWM5ZStasxcaF,bGxHNbsacaVL35pkYWae5PYQDZXSpuQb3QDyW31pump,9.0
A1C6MhioaEYTaock4vxYMgGHREWrkdZ3bEWkvyHmAcXW,6d5zHW5B8RkGKd51Lpb9RqFQSqDudr9GJgZ1SgQZpump,6.16
A8DRnaaesH1GYRExtFGxvPAiu4GvuKj5WQzWueawKH3P,2z4WpCa6kJS6dkAqAZSD6hLzf4RYLpKefcTbKj7upump,9.9
B6qiRw9juGMSTSVSZJ52NbJ5Gniz9Usntssx5Y5V1CGb,9PR7nCP9DpcUotnDPVLUBUZKu5WAYkwrCUx9wDnSpump,30.0
2dM6wMKS2is3jpwMueXvLfCgwveMiwB1iQNowkjx3x8S,Dctsus1FAf1GUJ2mM1TeBL7k1Za7Xk9T34T5vRzvpump,25.0
3H2wXwyEDu9CcDTKRaHzJLDa3hM41AhJAaH2DqoZ43NK,B1rDN8tAAno3SAg1ZhESJGkkB1LnQ9pWx9oToFb3pump,8.48
BNbpRfamZZM5BCm8tgGoFLq5vFrSRCPX4og6HpiB5pEN,GF4mRrsd52LHBZ4Fj9ijEwHCnh7c2wTMwDKwZQqipump,20.69
627kcKByJQAJEUqzNnUDYZa725i7L1iKqmmPs3AdChKs,G3s49agBGCXqqhLXGXFtasQgAAMPvXQifyWL5M2Wpump,10.0
7g6cXReDioEDYHTuYxQHZPC3JDZfB3c77VzHDgZmNk5n,9j3M6sv9EZcfkJfhmHs8kQLYbVzAfBKxZRbkAhYqUdS3,8.3
HMxemG3LD4p5LJkMdnHMwekGwFFZfCmbFViJ2bFdKGLT,FeiEDFwX4p2uLBwGLWv8pfgNz97nPtPX5xM3unrLpump,10.0
E82uKSzbi1YHuEPDkVV93xz5zE7phNeMmENQieyyX3kH,3qq54YqAKG3TcrwNHXFSpMCWoL8gmMuPceJ4FG9npump,19.06
3qo7PGFbSJdabABq9DCex5GyW68u4vLfg9aKQjQCGmZR,FtoUJpmc6gjUk1FSAmpev1nXi44D6JNnWwimgCJCRXMK,9.46
GkPtg9Lt38syNpdBGsNJu4YMkLi5wFXq3PM8PQhxT8ry,55si56A7basZmTovy8zmLkDR9DfaD32GEe6YkvCQpump,40.92
HVTCk8GHgMAcwjeBh9q6dekPMHYzRvQ6MwCVYFLemu3M,CWFa2nxUMf5d1WwKtG9FS9kjUKGwKXWSjH8hFdWspump,42.77
2dM6wMKS2is3jpwMueXvLfCgwveMiwB1iQNowkjx3x8S,Dn3AKjKKt2QVLCSaEzt7Yhief6xsgxTyxv32rKYDpump,25.0
GkPtg9Lt38syNpdBGsNJu4YMkLi5wFXq3PM8PQhxT8ry,77RBCP95AFT9XRsx4xuGUHjBQsjcatGYCZ2VXx8Epump,22.1
71NkgbFkqMq6scUy6nyQLVRBqFhsCa8iGEz6ujt3mAtr,GxdTh6udNstGmLLk9ztBb6bkrms7oLbrJp5yzUaVpump,8.92
5YYnf5WgpBq9Fi38NUNcSvKfcNdAxKNPCZkUfout2B7z,AnGzGiQ6ddzdqWDuWy6vmibqDv8rsT2QKhcgDrwTpump,50.0
A1C6MhioaEYTaock4vxYMgGHREWrkdZ3bEWkvyHmAcXW,DwDtUqBZJtbRpdjsFw3N7YKB5epocSru25BGcVhfcYtg,8.27
EjdknnohYdfwr4YBkhXdjNgsQXGdPsHYcFR3czN544rT,CNKEXXypBC66cZ111Mg3JUxyczXS1E9T6MWEufzQZVMo,16.45
A1C6MhioaEYTaock4vxYMgGHREWrkdZ3bEWkvyHmAcXW,GmbC2HgWpHpq9SHnmEXZNT5e1zgcU9oASDqbAkGTpump,6.16
6T3xhm4WZDU8q696SjTGQmRfVX8roR9JfWUbjaoY8U53,FvgqHMfL9yn39V79huDPy3YUNDoYJpuLWng2JfmQpump,67.69
ABCo5u5KFzxPiFmkrPGcbGJrhoqNz2fVQccbfnNAB1UH,GxdTh6udNstGmLLk9ztBb6bkrms7oLbrJp5yzUaVpump,12.0
6T3xhm4WZDU8q696SjTGQmRfVX8roR9JfWUbjaoY8U53,FQ1tyso61AH1tzodyJfSwmzsD3GToybbRNoZxUBz21p8,19.43
A1C6MhioaEYTaock4vxYMgGHREWrkdZ3bEWkvyHmAcXW,mkvXiNBpa8uiSApe5BrhWVJaT87pJFTZxRy7zFapump,6.17
9UfK6FbBTHdrsvHpKQ18Tz125V3ttvarLuyBea7SSkdP,7rJp1KhptfCXd6K46bQzaGRYYUboyPE1u6fzEYBKffZB,23.77
3H2wXwyEDu9CcDTKRaHzJLDa3hM41AhJAaH2DqoZ43NK,61h2G5tovTmnc55W2NUiHB3BL51LLeDNaCJ6GaudesLw,9.92
7MRCyAXMyht4qCGZKMHXDyfEmiefnweQB48NKdrdXbr8,A8C3xuqscfmyLrte3VmTqrAq8kgMASius9AFNANwpump,35.27
627kcKByJQAJEUqzNnUDYZa725i7L1iKqmmPs3AdChKs,HwPtbFpd3VTe3tfyosoVtPf9WPuSk5gAKkN5xp6Npump,10.0
85DQgGZvcjYyAw3a1s6rW68Cci4sXGskLcYCwWGsgtGX,FjTJCCQpLU4fpH58mN1bTQXiQsjJVYai3QYFjYqYpump,38.27
75zMHTLL1wiwD8nq8v71D6FAeHr6RRADqVVsw61r85yw,5WGkdemJNEoAVKveDQdzQmDqTyxCraXGw9ACyrwCEUMS,5.46
8TAktTuSbKWVHndcx4noYULvQHxEGP9o4QVqNRwz6nDB,wUtwjNmjCP9TTTtoc5Xn5h5sZ2cYJm5w2w44b79yr2o,70.0
7YnrHnd6y62WtcZje3SwDjte5pHAKv1ZxNjQhfgZGKvE,CNKEXXypBC66cZ111Mg3JUxyczXS1E9T6MWEufzQZVMo,63.89
839rTmmrinvgD17Xtn7M2QsNFhQrBjTajmGUUPm15oAe,mkvXiNBpa8uiSApe5BrhWVJaT87pJFTZxRy7zFapump,24.51
6pUtYz474QrpATEZnfb3iFbTKYA65pNyKAo4TQZAjtqe,73UdJevxaNKXARgkvPHQGKuv8HCZARszuKW2LTL3pump,10.2
8azSrFB7gtpJj5hKT9wMgayahpQXiJNRX2f85dNEB3ge,8x5VqbHA8D7NkD52uNuS5nnt3PwA8pLD34ymskeSo2Wn,8.5
CJePjvjr5yMrC1TqKZDJ9LCSsjAktDHqUyg7qmCr3yLm,88YxavkzLJWXdRtqfg54gANpmn8xQGSYed65dGuc8qH3,6.93
5AF1CZCRCRMuFLpfCQDA5JLXF8FxEqmgyZyTMxKQiY51,FLqmVrv6cp7icjobpRMQJMEyjF3kF84QmC4HXpySpump,10.0
G6bBRhQ97pxTDsHZQmU4LKgxzXn66sYVE3Qo6cydDWNd,4j9bDg7iWNah1Qa61rrqwWZMtEdqV3fV56SzyhfNpump,99.15
Aqa8H5hmHe9MFY9sW6widbqEuaYv7q2KnRo25ApPhWhA,9PR7nCP9DpcUotnDPVLUBUZKu5WAYkwrCUx9wDnSpump,300.0
AGDMKY1SWU68eHcQbmvNaqLAtVyeNaDS3Y2yo7reQNNA,DVZrNS9fctrrDmhZUZAu6p63xU6d9cqYxRRhJbtJ4z8G,30.93
Dj7GsDodnGGVZfAMzMqjgQhEoW36JLtnHkBhETxZVex,CQc7KZe9SvkrMXbRaehCT39HBiGgQFexVLSaoYsvP3Ue,80.0
Aqa8H5hmHe9MFY9sW6widbqEuaYv7q2KnRo25ApPhWhA,6E4NgMPvK7fNYPUVc15rVCE3qM3qDrZKLii862HHpump,20.0
Faz28GQP6fb19LaEA2HbCMhsiKtkmNkgZyzCKs2rxABE,6E4NgMPvK7fNYPUVc15rVCE3qM3qDrZKLii862HHpump,8.96
B5xUi2VVEAMcnFHx3fr87rVwSTA1mVvtBneciguEGkMM,FtoUJpmc6gjUk1FSAmpev1nXi44D6JNnWwimgCJCRXMK,6.76
7REh3hYRvMFcTmYckP2fuHJWReDxRHo8xjPsMYUxD63k,7GCihgDB8fe6KNjn2MYtkzZcRjQy3t9GHdC8uHYmW2hr,45.71
Aqa8H5hmHe9MFY9sW6widbqEuaYv7q2KnRo25ApPhWhA,D3ddcUyWC9HVgtxdz91NQXZQSbPGULRRVxJq3ntuuJBe,30.0
5NfyPVAUfR9ynV8pejw5eTxB3VWZZyqwaYXSFUx2QxkX,wmQUn7SwNJw31LUJJTeGaen3XRqC4noyLLJKBQSSZTS,6.09
EBVaqMThgHTEpuMXNjEfZcRJD5P74HhEbbdXrr5PX5De,CBdCxKo9QavR9hfShgpEBG3zekorAeD7W1jfq2o3pump,26.73
F2pkRpYqx9QRGnKxeu7pf8MYpuazo6YDjffBmVC3BuJw,FtoUJpmc6gjUk1FSAmpev1nXi44D6JNnWwimgCJCRXMK,12.34
9w388kTHw3mRSkw1RydPtZnQmYMVhSqDL7hWUjtFCGr5,54Ah6XTV7n27SuFa2sqyz7DSoRmVmFTbB6wbuzqPpump,10.0
2D3ETfVgf9GfqCVACveZd2c5xi3xacd8ZkDvKLzZ3mm7,8grrziX7KWvYTF3BFNGFF6GtURN56nGrVAyKaAGKpump,8.45
C9Pe9x6RdSewHWC61J56ka4Pp7eZhk3RsyjBHirwonDB,GJtJuWD9qYcCkrwMBmtY1tpapV1sKfB2zUv9Q4aqpump,240.0
6pUtYz474QrpATEZnfb3iFbTKYA65pNyKAo4TQZAjtqe,AwcCFuJgUYNYHXm6tHhr7DsXDY6FKvXUt2DFjmgHpump,6.0
3v1dZz6pBA22xu6oE3EgFM5ctn4hZXMEHP6nfaRFFPou,CtaVq7fp5xwYFenGQypqdK97LJhTD72GgRsY8e4Npump,12.82
C9Pe9x6RdSewHWC61J56ka4Pp7eZhk3RsyjBHirwonDB,GxdTh6udNstGmLLk9ztBb6bkrms7oLbrJp5yzUaVpump,170.0
2Mh6RdQ6VWc8hvg4PmxVDuhLjjDfvSsdWoas4GyZdhhe,6gVJwfHxWov8HxdAZ4v4tt2RpZZst6du74y4bUCdpump,78.88
H1Tw7sVRuaSZTcWhEbCuKwFMSxUmqWRWmX1PLW1HxQ2B,HB8KrN7Bb3iLWUPsozp67kS4gxtbA4W5QJX4wKPvpump,347.0
9HWwJL9Zt87MqK3BFzhpUx7oakrGxbfNY4RAX593cgV4,5z3iCe53hUANTiG8Js8RjHNE2Arjik7L2CXLyr2rpump,52.39
H1Tw7sVRuaSZTcWhEbCuKwFMSxUmqWRWmX1PLW1HxQ2B,CWFa2nxUMf5d1WwKtG9FS9kjUKGwKXWSjH8hFdWspump,344.0
25xa78QGib5jai3V1DnexUtVwhRf22TPoRgwFRnXAUgt,FtoUJpmc6gjUk1FSAmpev1nXi44D6JNnWwimgCJCRXMK,6.73
8VVcwn99QcU36Xyi7fgN6EjsTR7VcQx4jFZUWo8DYU3B,FtoUJpmc6gjUk1FSAmpev1nXi44D6JNnWwimgCJCRXMK,9.53
5eryN5MtoVRRBZPhQvF4yu8SigWsH2rrc6Wt3WFPmmqe,9BB6NFEcjBCtnNLFko2FqVQBq8HHM13kCyYcdQbgpump,48.89
6oPUpPy1CMLGudb7bA3Y7FmC7W1yGf88aN9QEMYXCf7L,4eKpTh1XedMmDc41sTfYmGDtALQYYHZZyawdwPMPpump,9.9
5NfyPVAUfR9ynV8pejw5eTxB3VWZZyqwaYXSFUx2QxkX,DUPXRviSkeNQLpkgL53c6Vuo1gDw7tdAibn9cvfbJNdq,7.0
4Boni3nFBgorWZMYwTtcw3W1Er9FcW1fJ8mYiKJUCoc4,FtoUJpmc6gjUk1FSAmpev1nXi44D6JNnWwimgCJCRXMK,7.49
4Z6fJyAQbMsXfcFFjeSjj1zxQpdkmSBGvV4f1RTkAhH4,GxdTh6udNstGmLLk9ztBb6bkrms7oLbrJp5yzUaVpump,51.82
Faz28GQP6fb19LaEA2HbCMhsiKtkmNkgZyzCKs2rxABE,6Fxpwo3oAF6i2oRy7Hrn68sMjZbDGQrRKAu9B5q8B4ci,5.25
Hf6YtWq1TJTh7UcZfiN1Y3J8sDXDKckHWnjmVcd8gtPD,4eKpTh1XedMmDc41sTfYmGDtALQYYHZZyawdwPMPpump,10.0
DNWz7S4SGc9CU4pPNR78Jce4RMt33d1mGYxjRZCsEiJ2,8x5VqbHA8D7NkD52uNuS5nnt3PwA8pLD34ymskeSo2Wn,78.79
GEgMRqPU8kt6FMJFkj8GeukpwkpsdEqDdmBc7Ch9dqSK,9j3M6sv9EZcfkJfhmHs8kQLYbVzAfBKxZRbkAhYqUdS3,8.5
DzfQnb2fK8iLJv8TpsLGLfCegdPdrWUEQ3NVx27hcRZV,DkF9tvwawxNqoYtvChKpBcY4M8bhaWMEdLqADX5q8Y3L,17.17
2oJfe42Z3PAn9snNaajDygTTznBDJstgkmJMjmPHmQix,9j3M6sv9EZcfkJfhmHs8kQLYbVzAfBKxZRbkAhYqUdS3,5.6
HXEioN2A6FiQNaiQKWF7eRXewRff3Jrhm5KH2sZfC2Zg,rizo34MUwbCBqpSTSfnEktdWB4CTByqqYh8zBxL3WAR,9.63
9fTZ7Hn1Yw4jJw12rKv1mTaGrMKczdYucnrxMjUvBjpD,2AkzNQ23RafGboTrPxW9p4D4g4hpY71Jc1pgQ4Ycpump,20.0
79eJYUxZd58CY4qgePxortx8kvgYhzex6ADXvqGDo9ao,GxdTh6udNstGmLLk9ztBb6bkrms7oLbrJp5yzUaVpump,168.0
GwDDtF1pTbgY3DQKXswS4WBYqsA4EpzLCaMSc6Hryvp7,9BB6NFEcjBCtnNLFko2FqVQBq8HHM13kCyYcdQbgpump,9.89
C9Pe9x6RdSewHWC61J56ka4Pp7eZhk3RsyjBHirwonDB,HpFAFwTuAZScx97YFqW4P9cw6avbnbXccWeM46aUNhf2,168.74
D2frGtaSKMS4MFGCXzhUjdz5Q7UVaFue4dehk3afdjq1,FQ1tyso61AH1tzodyJfSwmzsD3GToybbRNoZxUBz21p8,150.0
6cPKMNH99CFqE39QCHB7Uwf813iBP812Kk3EbDBtkFbE,6E4NgMPvK7fNYPUVc15rVCE3qM3qDrZKLii862HHpump,6.7
C5NtJKn87uzKV5WvPBQ3dNn6UJGiRmHLsehvp6FxjFLE,FtoUJpmc6gjUk1FSAmpev1nXi44D6JNnWwimgCJCRXMK,8.38
7AAHGsrFTr66DTeGH1PQokgcRaTypFh5Hu6mmQ8TqawT,CfgmB9iTWABdYh3CHQQDUGtWy18rMNAEEqyp4GrJpump,18.0
2FWvhYgz71r6b1FdZBc77YYPyJvLsjS8uMpxmuwSnx2t,Fch1oixTPri8zxBnmdCEADoJW2toyFHxqDZacQkwdvSP,19.84
3sWCumC2QJMoQXpn5wugRBDz4Hd895Wdwx3xuE42NN7N,ChHAfQsUznqUpvFSNQsu42KsRr1t3ct56fBigVSHpump,6.34
FCNor43ykB3C1Kmh9gUaCNHnJnewH1c3RKmHXgz9LZhh,2qEHjDLDLbuBgRYvsxhc5D6uDWAivNFZGan56P1tpump,60.0
EEAM4BxUWvU3yADSn5nui9pePNrH21rKv4zDP7e3LrpE,HKkCs86LbHpqpjzywXcNcSgAfsaktK2utsz3HuAznCTX,10.0
9nF9HdYTp5XdmLa3asVwpJBrU8R9QkSMuYYspsYNA5Rm,9PR7nCP9DpcUotnDPVLUBUZKu5WAYkwrCUx9wDnSpump,24.16
9y4B3y6yQEqrEsmzxnJxYuhVQPHvk5DQHQabKjhnFnJY,GgvFJw7eGMwVruF3kTYeuwiTGBx12buZxt6gG6FTpump,10.0
8pCQAQgXnQVwE6UPYumMB89qP1MhFan1vRQFpT6rmEVq,FqvtZ2UFR9we82Ni4LeacC1zyTiQ77usDo31DUokpump,14.42
ASuyvHyGctaSnPqRVy71Qd6CY7AmTWETTa7aRTVXtVky,2z4WpCa6kJS6dkAqAZSD6hLzf4RYLpKefcTbKj7upump,20.0
BrNoqdHUCcv9yTncnZeSjSov8kqhpmzv1nAiPbq1M95H,61h2G5tovTmnc55W2NUiHB3BL51LLeDNaCJ6GaudesLw,24.75
DPFQUxQpfBXtGeZGjc1nT5cYC5ConGXUQaLVktGc7xKc,7wM4MnbsPsG95A3WhZgbrPWvMtydKmJjqKr2ZVJVpump,10.0
5YFE96pJBwwL4NGcY4RsxsrbNHiGCvfd6MXjWVsmLTRB,9j3M6sv9EZcfkJfhmHs8kQLYbVzAfBKxZRbkAhYqUdS3,6.5
B2zCQxyf1Pm4TMEWBHWnbU3o1up7h4wzgbx8cCkbGhH5,EG1Y8goUGa7y4iRYRgLgwBmSHc4Lxc91qL35cdDNBiRc,32.87
443nNmqPjkNSnN5wcPrUSXkM6Ru3jFJnRgwV4DghqfKH,8x5VqbHA8D7NkD52uNuS5nnt3PwA8pLD34ymskeSo2Wn,46.57
8fSnLTnRViK83dDesivTsPx2wiRhwti9xoafeMGjEyLJ,9hCxef5D9LGB8ctkXy73XYTvJJJxrPKP9wDnYs61pump,25.0
8XSXfuxuMiXTcmd9kUmwoTkMbctGTyLd64GQv8j3h7YY,8grrziX7KWvYTF3BFNGFF6GtURN56nGrVAyKaAGKpump,8.27
B29X6ec9yHeFHSNMpdXfcWYScAjKyt2w6yL6bGYbGETM,4eKpTh1XedMmDc41sTfYmGDtALQYYHZZyawdwPMPpump,12.0
42f7cEQ5L4Ncjc4dhkiK3CmbDcDAHVGv1GpNzTMorNTD,zAgSwaSC2XjeM545v4YT4ifMpnxkuEE1f8Fq2Ygpump,5.34
NWP6aQKPf9yoX7yr1dgFzQ6ieKtv2tXjyoxLa9mLWte,HB8KrN7Bb3iLWUPsozp67kS4gxtbA4W5QJX4wKPvpump,20.0
FpBkZUicffgLhma5g272hZ8zAnb3pPjvSnYPw118rEEc,8x5VqbHA8D7NkD52uNuS5nnt3PwA8pLD34ymskeSo2Wn,20.14
NWP6aQKPf9yoX7yr1dgFzQ6ieKtv2tXjyoxLa9mLWte,FfYhzJ7j3rrs4m4i1wKy5Bz5aYW8mKEGq2rxChU3pump,10.0
DjQbUVjAT1Lia1XdLALokxT21ffHKHxPQRYbFXJKbDZn,88YxavkzLJWXdRtqfg54gANpmn8xQGSYed65dGuc8qH3,5.69
FXfoaLPubkfn7xC54u98m9BHfhMNztyS7q4jTabkN3xA,8NrAzg558TYtwdGYcwomsLHfdQ5dwEYckXqgfL6tpump,49.5
3GsgBq25C1ApgPDLKDer27MFudveZu4vdbu6BEoHej3R,25hAyBQfoDhfWx9ay6rarbgvWGwDdNqcHsXS3jQ3mTDJ,8.47
EGaV3fWAKgFzumy3g9bfZ6dLVgdKweVSmyesHKbRch63,9j3M6sv9EZcfkJfhmHs8kQLYbVzAfBKxZRbkAhYqUdS3,5.7
8Vr7UEF1Zd7ea9PhAgdMNwqef8onpVG62cHz6ceqy9Dd,9j3M6sv9EZcfkJfhmHs8kQLYbVzAfBKxZRbkAhYqUdS3,5.4
NWP6aQKPf9yoX7yr1dgFzQ6ieKtv2tXjyoxLa9mLWte,CWFa2nxUMf5d1WwKtG9FS9kjUKGwKXWSjH8hFdWspump,20.0
CRBYGyfcRSiwcpUr4qxbVeR7MDNb32mkhxxzFAN7iinS,HQZTAF17T3eQV4dYPLAWrpGp168YJHJUfD6hPT9L1ypo,10.0
4RrzL34AuT3gBjJ3SfNrnAXdno7UcSn4TVFtzrNqTvnJ,FLqmVrv6cp7icjobpRMQJMEyjF3kF84QmC4HXpySpump,64.69
FLzPDsoV2LyErTSag77AMLNZ7yE878pahiDADxTkx7ss,5z3iCe53hUANTiG8Js8RjHNE2Arjik7L2CXLyr2rpump,375.44
CGQMwXCLkBkEZadhTVzyq6F61nZCbUCJeijNep4F6Zkt,HiVtcEezLySpmmTdL9PvfGAPeQ43GVQBBHy2yPCPpump,26.65
BtPuWCTCS8sBHPpAkNbJc5E6RrZkXNdP4EhzkXaB3DsA,FfYhzJ7j3rrs4m4i1wKy5Bz5aYW8mKEGq2rxChU3pump,30.0
BGv3qQu7BaqDagfrJ6jAxEYAsRvosDmMguDMX8vLXQyp,FtoUJpmc6gjUk1FSAmpev1nXi44D6JNnWwimgCJCRXMK,9.8
8BnnsWQig5fkr3dthgfMzJ5zhhZbFvroBYBFEwRcgz6T,wUtwjNmjCP9TTTtoc5Xn5h5sZ2cYJm5w2w44b79yr2o,11.9
6sMni8LJFo8UtoLZGrrHxe7zBjwQPwh7C9Pev7wzoiCs,2fZTwhbLg3xPquk8CqS3KKYbrNMbhKj7Q5zBKuT2pump,8.24
6zbu8eBPEVoT9hK12ykeSYj4GnXr4pBFX6mFjGvk36gL,EG1Y8goUGa7y4iRYRgLgwBmSHc4Lxc91qL35cdDNBiRc,20.0
9gpTQjXFHaPbDs2MKwkke4ix6avi5cPqYwx6oJB46RQc,E1XGEP1nk3BLxpnkWfqVnpVTA13RYzpY6Na1XD2Kpump,14.93
38iU8L5PBQRYh6xNzvR6L8aAmZkuDZYEBuRdfYJDLSCB,9f6YJrR9jMjp7iKf9Jay5omRnorSjSEbvEAdoSkJpump,7.64
BHCm58VsiSq9p3hqjprLAs6wtjXjtuGnz6vj1i3Upe7X,BZynczxXkKoYvy6UCApLMzkesH6DtNYWDPsCsSsVp4Pw,10.0
BHCm58VsiSq9p3hqjprLAs6wtjXjtuGnz6vj1i3Upe7X,6E4NgMPvK7fNYPUVc15rVCE3qM3qDrZKLii862HHpump,45.0
BWD1jzmK2dgyJTnZfqn7Dxub7R42mbRBWLRpEWLQTvoV,HwPtbFpd3VTe3tfyosoVtPf9WPuSk5gAKkN5xp6Npump,48.75
GitCi4N5Af4Gvd5YUoZqH2c7hNJEJfzUVCprASyPRSg7,6ZrYhkwvoYE4QqzpdzJ7htEHwT2u2546EkTNJ7qepump,82.11
44hfWvmr8TZfqpcyiQEUSV9yQJCqREmXB7oJBesSRfU9,DEf93bSt8dx58gDFCcz4CwbjYZzjwaRBYAciJYLfdCA9,40.0
6mrdWRc9gH746dEhLQ1FZeYQghPfwzTxANBGwifaqicb,GxdTh6udNstGmLLk9ztBb6bkrms7oLbrJp5yzUaVpump,30.0
8yJFWmVTQq69p6VJxGwpzW7ii7c5J9GRAtHCNMMQPydj,7fgkPfcSrv3WHfWegTrT1UFT4XhkNFhYeypyEiqepump,75.0
FLK5UXvRB81X3bMejwDszArFZspXmsXWDTqqg43M4xtv,H2c31USxu35MDkBrGph8pUDUnmzo2e4Rf4hnvL2Upump,144.6
2FXChMpeSQQRUNzav4f7RF7G3RJmp4BRP4gKUVtHXMa9,wmQUn7SwNJw31LUJJTeGaen3XRqC4noyLLJKBQSSZTS,10.0
HcQqNJtrbufWMFK72yDwDbb4JCpD72WBXwnpQcCoko4e,Fch1oixTPri8zxBnmdCEADoJW2toyFHxqDZacQkwdvSP,41.2
4FijikMgEKjJpYgkMTPJXD6Th8n5AdGTh6twwowqv2wi,6E4NgMPvK7fNYPUVc15rVCE3qM3qDrZKLii862HHpump,10.0
3RJGfkMX8x3Li11iTccQcSBfDGrLgDPMyjpbhvQ38dZ7,9PR7nCP9DpcUotnDPVLUBUZKu5WAYkwrCUx9wDnSpump,7.34
FSYUryFgZuBMKu364T2yjqSEU7W2NkzP4odmTYvmbLAs,z9ysNwXCYrh4xXRyQG9ujWqxNrdcChoicoJA9ebd7iF,20.0
BHCm58VsiSq9p3hqjprLAs6wtjXjtuGnz6vj1i3Upe7X,4eKpTh1XedMmDc41sTfYmGDtALQYYHZZyawdwPMPpump,25.0
BAaMg45TJ9ihCAGE4ikq662RsuyaH6JYXuq9Pob32SXP,FfYhzJ7j3rrs4m4i1wKy5Bz5aYW8mKEGq2rxChU3pump,10.0
FwfZvn9tbztFGm5jucdNeojjLx4JhwqTrcEzVbxt8Zus,FtoUJpmc6gjUk1FSAmpev1nXi44D6JNnWwimgCJCRXMK,7.8
sioV9xRsHE3V7N8H688BuiAohP3HfPaHyztg2nEaTgy,5z3EqYQo9HiCEs3R84RCDMu2n7anpDMxRhdK8PSWmrRC,28.37
65GLDYitUGXMzFmaAvYY8ofxtpxSsXxVqUUNXSZt1jmo,7ZqzGzTNg5tjK1CHTBdGFHyKjBtXdfvAobuGgdt4pump,33.0
D5VvqAQKbKAyDPDNs4ofRnRpLcNbvDFzYFJasP75iAcR,2qEHjDLDLbuBgRYvsxhc5D6uDWAivNFZGan56P1tpump,350.0
8yJFWmVTQq69p6VJxGwpzW7ii7c5J9GRAtHCNMMQPydj,HKkCs86LbHpqpjzywXcNcSgAfsaktK2utsz3HuAznCTX,50.0
6WPPjZoT2RhKAMnMw7a3mQMCuvQfNiLCA8YFVxSUi4By,9j3M6sv9EZcfkJfhmHs8kQLYbVzAfBKxZRbkAhYqUdS3,14.9
EzzoudrbScGxvxecCvJLuFyEeAbkSPp9msP59zeDodFG,HBoNJ5v8g71s2boRivrHnfSB5MVPLDHHyVjruPfhGkvL,10.68
8UUGncvZT8JgcubQDSLv46aU4HCB6v2zrQGebTWNTh6d,7wM4MnbsPsG95A3WhZgbrPWvMtydKmJjqKr2ZVJVpump,19.83
BHCm58VsiSq9p3hqjprLAs6wtjXjtuGnz6vj1i3Upe7X,KENJSUYLASHUMfHyy5o4Hp2FdNqZg1AsUPhfH2kYvEP,50.0
6HgrhA57spoWfKJZWK8qqhRGsrKB384JVNVLQddQgPwE,FfYhzJ7j3rrs4m4i1wKy5Bz5aYW8mKEGq2rxChU3pump,20.0
89Wku1dF6gzUwwkPUzhrJQma5xKx5tiDzqVv9amnpEs7,88YxavkzLJWXdRtqfg54gANpmn8xQGSYed65dGuc8qH3,13.44
GuBHvXNUb5MXN8n37KA2gxWBBMXqhHk8zniUWKqeixwe,EG1Y8goUGa7y4iRYRgLgwBmSHc4Lxc91qL35cdDNBiRc,10.0
D9s5BsDGtsRqBmUcf6Nu2hnTU1fJQsPaWNkqNMJxnojw,8AS9yeGsAwvTs9gCDKMmB2MgX8NiSvv4uppH61yqpump,35.0
5p1T5adX6WmLQZJUSWcXAfgS2EeaewFjmkjqGfAF2WkL,CBdCxKo9QavR9hfShgpEBG3zekorAeD7W1jfq2o3pump,10.18
D9fSDM9Uz8SZu2HZUpGaXikTtD4daBVZ817XLQw2JjPn,FtoUJpmc6gjUk1FSAmpev1nXi44D6JNnWwimgCJCRXMK,6.75
Fk6KjnDF2dUn4kw4f3p4A4WYEJhkM3P5eLDaPMr2c8jS,FvgqHMfL9yn39V79huDPy3YUNDoYJpuLWng2JfmQpump,6.65
9Zrq8bjXyknzF9hGecF6E5xQo3DQ5x6Rf8EhvKdcfBid,A15FYQqtn7UhGRKkEhRfLoYw8erjcRFSQ1C7zf7zpump,10.0
7yoCyRqJpcGuEsetxG9aow3wf9rJa7DBbCUivMfiBTvM,FtoUJpmc6gjUk1FSAmpev1nXi44D6JNnWwimgCJCRXMK,8.95
J86GQqZ2EdWvt1XHcXJBJ3ZLXJzFmfrE18X5phahPRgS,CWFa2nxUMf5d1WwKtG9FS9kjUKGwKXWSjH8hFdWspump,100.0
G1ZEmvqV721pipKUdVSPg4QPfBvtfCihdvBT7TVzfwd2,HwPtbFpd3VTe3tfyosoVtPf9WPuSk5gAKkN5xp6Npump,250.0
AyBDsVxyY6CKgUuTn1ByqKXBAip8oGe1kV7joVLwPPxE,9j3M6sv9EZcfkJfhmHs8kQLYbVzAfBKxZRbkAhYqUdS3,10.0
BEYkyKrmVhW54AYc723Xrq57QV5MYd48PEQVGfPbkxK4,9cS2vsANfgEp9urCeDbbmsT7Y9Ci4mMW6JQpnEe4VHGZ,87.49
58oYvL8jM9jPFcyfLv3GPiEyMUHDBKrbqsX8qCAjio11,FfYhzJ7j3rrs4m4i1wKy5Bz5aYW8mKEGq2rxChU3pump,10.0
CmMguheoAXbDhppheR8uGEuxPUHGsRBa3MyCqgvskbCi,Dn3AKjKKt2QVLCSaEzt7Yhief6xsgxTyxv32rKYDpump,19.8
HtczTHfbCyrRj74nv1H4ia6njD53XbL2AZh8fAp8FiEs,9j3M6sv9EZcfkJfhmHs8kQLYbVzAfBKxZRbkAhYqUdS3,5.9
8WRxP165KY5Z5asBcDqRweBmx9NmD427qqMAVwAc6xwd,CNvitvFnSM5ed6K28RUNSaAjqqz5tX1rA5HgaBN9pump,12.37
BEYkyKrmVhW54AYc723Xrq57QV5MYd48PEQVGfPbkxK4,EuQsbVe3gQJGp1b8rpvV95kYPQQyBrDjTPepYiUgtUTq,24.36
2yKxAG83hyPspwidaYPBJgJFaK7ayZpbSWRDtuYsxV1R,Dctsus1FAf1GUJ2mM1TeBL7k1Za7Xk9T34T5vRzvpump,8.33
Gocm4J9mvDR9a8kMKEP63aL6dLShb3uzc83WBFRQtZSw,F5hqdbykXuksp8P78CAZenSvpPShAYKrP2U2MiZMdgFN,12.0
F95FsrZhEBbPfBMg6qSoxs6frBbHQGoYD1PwsGji9cKt,73UdJevxaNKXARgkvPHQGKuv8HCZARszuKW2LTL3pump,10.0
G1ZEmvqV721pipKUdVSPg4QPfBvtfCihdvBT7TVzfwd2,5z3iCe53hUANTiG8Js8RjHNE2Arjik7L2CXLyr2rpump,100.0
G1ZEmvqV721pipKUdVSPg4QPfBvtfCihdvBT7TVzfwd2,7ZqzGzTNg5tjK1CHTBdGFHyKjBtXdfvAobuGgdt4pump,100.0
Ck5Et4WWvMTzEScdDiZLWq5mgiqaTYxLyVXzKEr2S2of,FjTJCCQpLU4fpH58mN1bTQXiQsjJVYai3QYFjYqYpump,8.09
DS7R5J8buJb1vQjZABs1C1d7YVVPXYKcXytUZ83Ly67i,9PR7nCP9DpcUotnDPVLUBUZKu5WAYkwrCUx9wDnSpump,99.0
5Bz12MGMG7aVvYjLEkq6AVa3rzF7mkFMNvoAC7cRGi3D,71AZt4P5kc5vpfTJR1HjNbMzD84G7vxam4DtL3kJpump,99.15
3Mg33LtbJbFEmRQpcbGP67Ra4mKoviQEPuXBSJDUuGRJ,8x5VqbHA8D7NkD52uNuS5nnt3PwA8pLD34ymskeSo2Wn,10.0
2ogeXeEGXV4qfsWD3LUGr75t1VxFytskEFy7WgGWZWRL,CNvitvFnSM5ed6K28RUNSaAjqqz5tX1rA5HgaBN9pump,50.0
HeQK4qHdFgmmWMZxL8yigAUqZbA2Y9CC7eFihNML5VwW,NqLVn7iCrTbWitkzjK3oFTsMtatnvG4KhLAaLd8pump,9.9
Fk6KjnDF2dUn4kw4f3p4A4WYEJhkM3P5eLDaPMr2c8jS,24nieqR3QwoMxM79mvekz8SBUqzx26aNVUUmCUggpump,25.0
G1ZEmvqV721pipKUdVSPg4QPfBvtfCihdvBT7TVzfwd2,6ZrYhkwvoYE4QqzpdzJ7htEHwT2u2546EkTNJ7qepump,400.0
4jwigrrkZ7VGHVMEXsryxUz8UsqtAZqLsRanaHETBmJ7,EG1Y8goUGa7y4iRYRgLgwBmSHc4Lxc91qL35cdDNBiRc,20.0
8DdBfEWTQG8sAYRTM7wTieb4kTvR2EgHQ6b3EX2sP3zS,FtoUJpmc6gjUk1FSAmpev1nXi44D6JNnWwimgCJCRXMK,5.8
J4JDNiKT3yu2zqDmxcLZQbxBefwd5nSP3Qhz4yEzA4uj,9cS2vsANfgEp9urCeDbbmsT7Y9Ci4mMW6JQpnEe4VHGZ,40.94
EQqYAMMdjKiMukUwLk2Ke4Y7d1JXjBcpcYkJt3ffxJP6,9j3M6sv9EZcfkJfhmHs8kQLYbVzAfBKxZRbkAhYqUdS3,7.3
4HxiusYZkLp6Ka5xffXmo9ir6Sqkou4QjXaHnuxQJVE5,CNKEXXypBC66cZ111Mg3JUxyczXS1E9T6MWEufzQZVMo,15.0
9mL5ZCRHFyyWVAxAaBYavq67Ku9NbamnVoPmAejxzke2,4eKpTh1XedMmDc41sTfYmGDtALQYYHZZyawdwPMPpump,57.39
7EUVcvZTgHMhaYxFBD5mQaZPNHgN1ZrZZUMKp91SrsG3,Dctsus1FAf1GUJ2mM1TeBL7k1Za7Xk9T34T5vRzvpump,57.61
3r7gXvWo4BzCshjRUS5L5pQjmZXXQNhCyC7xfNsvbTw1,79yTpy8uwmAkrdgZdq6ZSBTvxKsgPrNqTLvYQBh1pump,61.66
7KpY6R4CbpyvQYoy4PkDsQbrS7Nmm1bZz1VpwUDgNR3f,6d5zHW5B8RkGKd51Lpb9RqFQSqDudr9GJgZ1SgQZpump,11.66
GbgcPMFctAjy8pBtwrrZKkv25g1ZYzm36YsPk3BY8VhS,FvgqHMfL9yn39V79huDPy3YUNDoYJpuLWng2JfmQpump,12.0
A4ARkd9efbgpM8KaQNjVg3T3rR7axGF3konVh3EMdKWJ,7fgkPfcSrv3WHfWegTrT1UFT4XhkNFhYeypyEiqepump,10.0
BvCPVv7nbTBe2PrdCB5zJXNtNmvAMAHvd14Lb2SbHQwZ,DcMkFnb9ktSqsnjnZmEQZShhSXVRf4ZXq8YXv644pump,6.18
8gK8TtK2r2wp6JMokcvf6gwpDXFg6ipdfkunc9ebyUMK,F5hqdbykXuksp8P78CAZenSvpPShAYKrP2U2MiZMdgFN,9.75
5kFs8Vfribje5z5mTV5uFRHYwrvy547k6dNyoFPYfXaS,DriFtupJYLTosbwoN8koMbEYSx54aFAVLddWsbksjwg7,52.04
59jMKuV24qioN3FfpfrWTExsPGikVg3V29XB2dvj7z8H,UwU8RVXB69Y6Dcju6cN2Qef6fykkq6UUNpB15rZku6Z,6.23
HdP6ibeNVL2tameB9txK4P6cNGwNn4VuxYarafp2jkdr,6E4NgMPvK7fNYPUVc15rVCE3qM3qDrZKLii862HHpump,8.22
3gsWhSPJ32yUBwKXWNDgamQnqc2jPSoH5zZfzEFFkTa1,HB8KrN7Bb3iLWUPsozp67kS4gxtbA4W5QJX4wKPvpump,24.75
Ei3S5HvitmqTj2Fv3uDnvYpyjy8fcpdyvDeHKJCA7Dqt,HB8KrN7Bb3iLWUPsozp67kS4gxtbA4W5QJX4wKPvpump,50.0
8D2NWJhYgq9sGUSFFrgjo4zTWD2GDDt4mMbSHjkXwy8G,5S4nnB9MH7Mq33Bku3UdX3Cv7aH4QAESDyMeDEdwpump,16.0
HAk5KYi8VhYZU1LNg8CpNjMZfemu25fk2qQGkzyB8e3X,ChHAfQsUznqUpvFSNQsu42KsRr1t3ct56fBigVSHpump,6.2
4fTj59sztqSGHs9cwAgwV5bJkvYtgU8C1ZhDMgfvU6Pz,FvgqHMfL9yn39V79huDPy3YUNDoYJpuLWng2JfmQpump,10.0
A4ARkd9efbgpM8KaQNjVg3T3rR7axGF3konVh3EMdKWJ,7ZqzGzTNg5tjK1CHTBdGFHyKjBtXdfvAobuGgdt4pump,20.0
9mL5ZCRHFyyWVAxAaBYavq67Ku9NbamnVoPmAejxzke2,2sWgTZTX8ZwWivbBFVGXwedMjVTDogNeU7cX5orKpump,20.59
5wSakGwFGH2cVSFRMRWRL5zbxQUr1xKggHWkz4zVvTPq,EKpQGSJtjMFqKZ9KQanSqYXRcF8fBopzLHYxdM65zcjm,337.17
6sdcWNAsX5Z7u14vYFZtSqm7ch6ufTGp7jV9xGyhjP2E,9TY6DUg1VSssYH5tFE95qoq5hnAGFak4w3cn72sJNCoV,5.73
GciSdBHTDWa7YF3mMPkvSV4r6qoiQT6TgocPQaBaYJjs,66gsTs88mXJ5L4AtJnWqFW6H2L5YQDRy4W41y6zbpump,12.31
Ha9Cyq1jefo3JVwjLDMRQTfk6XeNdEuPX2cQDg9XY5H4,FLqmVrv6cp7icjobpRMQJMEyjF3kF84QmC4HXpySpump,9.0
QWr7GA1rvmykPCaxQJgiLRvprpWz5R7WnFKgGskvKHZ,GJtJuWD9qYcCkrwMBmtY1tpapV1sKfB2zUv9Q4aqpump,101.45
8bmGM3Ukth9pSPdcChqfyCUPfa27N5y7FzT6mLtTTBmV,DkF9tvwawxNqoYtvChKpBcY4M8bhaWMEdLqADX5q8Y3L,12.93
5tSrrt6cXRhCKrHVRCFGmNYnvaetJoiFFvKkAuWUZo6x,88YxavkzLJWXdRtqfg54gANpmn8xQGSYed65dGuc8qH3,6.0
3Gyk2Vwj9HmjHcmdkvdkYq6bDhoH5RjMHn42LCM9YVYH,CQc7KZe9SvkrMXbRaehCT39HBiGgQFexVLSaoYsvP3Ue,41.45
3U1X9EekFjQA9bERCKeFCd5QeG65ZtQPAALuH9sWA52o,HB8KrN7Bb3iLWUPsozp67kS4gxtbA4W5QJX4wKPvpump,6.15
J4JDNiKT3yu2zqDmxcLZQbxBefwd5nSP3Qhz4yEzA4uj,7fgkPfcSrv3WHfWegTrT1UFT4XhkNFhYeypyEiqepump,60.47
Fnhh2bHX47uJJgaVxejE8qYE9xdKGMxMngZQrFtZsw4H,24nieqR3QwoMxM79mvekz8SBUqzx26aNVUUmCUggpump,63.5
AJaaXZQ1PREo51WTnpjo3CZQWagu7y72mGA87EiXMqK8,2FGqMdHMTrGGBmVStucjBzD6ZoN5VDYV8CtK9QRXpump,33.5
2WJvjGFjZePB3sYrHKMBQd46o1TCS8zxchEHnDK7oBxQ,FfYhzJ7j3rrs4m4i1wKy5Bz5aYW8mKEGq2rxChU3pump,50.0
9JzbicE15WqDXVB4Qu7ozxzF6m38wHdTyyCBMop1xk9D,Dctsus1FAf1GUJ2mM1TeBL7k1Za7Xk9T34T5vRzvpump,6.38
3Gyk2Vwj9HmjHcmdkvdkYq6bDhoH5RjMHn42LCM9YVYH,EuQsbVe3gQJGp1b8rpvV95kYPQQyBrDjTPepYiUgtUTq,20.0
8hR81ENrpzfJ895bjAwkH7HvDdAmGzbbFFFknTh6nNdf,4j9bDg7iWNah1Qa61rrqwWZMtEdqV3fV56SzyhfNpump,50.0
63gk2yXuffU9fEMSX9uvDzEYLN4Ds45Dg2gzFwygsg8M,9f6YJrR9jMjp7iKf9Jay5omRnorSjSEbvEAdoSkJpump,9.29
CLhxXDchUtnwsn62Vp4zP1f2sRFXyZq2VjzvSeFRc93t,FQ1tyso61AH1tzodyJfSwmzsD3GToybbRNoZxUBz21p8,50.0
DMdVpb9hsRtKwcAPxhMCJZDRK1KxYjTwRXuXav7N7qCA,9j3M6sv9EZcfkJfhmHs8kQLYbVzAfBKxZRbkAhYqUdS3,5.8
FykNjSFhEJDZitFRC2QMRFz8nXbRgmPrPNAx2bkG9oUz,88YxavkzLJWXdRtqfg54gANpmn8xQGSYed65dGuc8qH3,6.47
5AuSfJZezxUXYXfovwohMtSLCQErgZAULzPKAghAEiGh,2qEHjDLDLbuBgRYvsxhc5D6uDWAivNFZGan56P1tpump,28.8
A29q41Fk9L5WAeAk9NBSMfViWfHKEUzkbB5rDHMoAdu7,5z3iCe53hUANTiG8Js8RjHNE2Arjik7L2CXLyr2rpump,7.0
AcLUFV2GQkYQPG3XkM19Vka8eUxNHyBXVnSQz1M9N7wD,GJtJuWD9qYcCkrwMBmtY1tpapV1sKfB2zUv9Q4aqpump,60.0
9nRa7czQvXU6RhcxiRWaG9oUdcToAjTguuA6DQdod5oR,88YxavkzLJWXdRtqfg54gANpmn8xQGSYed65dGuc8qH3,6.2
3QmWFdrWZm6AJZzRVnpatT87vM9arovyvMM7hYzbk5Cj,Dctsus1FAf1GUJ2mM1TeBL7k1Za7Xk9T34T5vRzvpump,26.0
FcbgQGQh3SdNcPyZRwL3g4DgRGMdJrapNne4NrVDEvc4,FtoUJpmc6gjUk1FSAmpev1nXi44D6JNnWwimgCJCRXMK,6.49
2WKpXByfTpCWtTiSEAcrgNYWNCm9KyhNHSqVTfNqS1oF,CBdCxKo9QavR9hfShgpEBG3zekorAeD7W1jfq2o3pump,633.0
CLhxXDchUtnwsn62Vp4zP1f2sRFXyZq2VjzvSeFRc93t,8SgNwESovnbG1oNEaPVhg6CR9mTMSK7jPvcYRe3wpump,50.0
CWaTfG6yzJPQRY5P53nQYHdHLjCJGxpC7EWo5wzGqs3n,FLqmVrv6cp7icjobpRMQJMEyjF3kF84QmC4HXpySpump,12.33
FWabHzgGLWbpWTNP8noYU7wLu6ARXPk3Ygt647jdQ1Mr,GJtJuWD9qYcCkrwMBmtY1tpapV1sKfB2zUv9Q4aqpump,74.81
GiFZNo2YFrnRP1iJM2hnVgBZ8ACw5fHVCtMfAfxmY5QZ,GF4mRrsd52LHBZ4Fj9ijEwHCnh7c2wTMwDKwZQqipump,10.38
45w9unpVeSgXHDjzKTAkHWobZsoFsGNUF9SKDYJhmMeS,H2c31USxu35MDkBrGph8pUDUnmzo2e4Rf4hnvL2Upump,7.82
GiFZNo2YFrnRP1iJM2hnVgBZ8ACw5fHVCtMfAfxmY5QZ,A8C3xuqscfmyLrte3VmTqrAq8kgMASius9AFNANwpump,93.27
KZnxKsigzWLGEXWLJaxr8keGx7L8L5nHD4NXwMZQw85,88YxavkzLJWXdRtqfg54gANpmn8xQGSYed65dGuc8qH3,13.12
9t7AS2PFNjURc2BxXruxSiRVjjUu8AJZVJod8eJyqV3R,2i4yVrkAH66ZekohRra989GoAaDWujVNUaiQFzDZpump,69.3
G9NojuCb4d6fV8sLp6sWnSfqEShH23NqKPmki78Y8JZ3,88YxavkzLJWXdRtqfg54gANpmn8xQGSYed65dGuc8qH3,5.84
AcLUFV2GQkYQPG3XkM19Vka8eUxNHyBXVnSQz1M9N7wD,8z5rvcKftL4EwU8XnE54QBnKzLAK7DKDwAimZE93CJyf,201.08
2MnyaTcSR55ANM1ouPfTQVsfmHZ4tzodhWXdWJcdNG9H,3PNiJJqU6cANr6kEf3UpwdChiACRsPgZKWQyXdFMpump,6.8
JDPEw3QsNuePCt1wNZABA3j8MumBZhxKXZ9GJcWu5xt4,9PR7nCP9DpcUotnDPVLUBUZKu5WAYkwrCUx9wDnSpump,40.0
AR1v6Y1UpXi7wSAXXZxfGjFjzqwV1ZdcpRLR2UHtZJSA,8AS9yeGsAwvTs9gCDKMmB2MgX8NiSvv4uppH61yqpump,41.08
EoFiyQyLeDLyjQkN9LRV4TdD2Uprg8ZHBHy6rMKBeM2f,F4Lyq5tJJGwEo1hhLweQPg6xG1aVKv4SZqAmDBQepump,13.88
DowfxK1aLUZRNB8z72EL8zb7NFtsXiXPNRzbheKtgYv9,8WnQQRbuEZ3CCDbH5MCVioBbw6o75NKANq9WdPhBDsWo,11.9
6966bp1k59E5X62MHuwrKtujh9bL6Zd77xRkTJXEMdXm,FvgqHMfL9yn39V79huDPy3YUNDoYJpuLWng2JfmQpump,50.0
j9uiKqcTSxqs2prNBcEoL7i6RYkEkdS8AvTcaui8By9,9f6YJrR9jMjp7iKf9Jay5omRnorSjSEbvEAdoSkJpump,7.55
rVYrYTYaJfMdarBusVEJ9EK9o6a2LvpCt9ztXYyVndT,BX4X831xPAS2xYi7PQQyVrBvHWyftU53PVz1cPwLpump,15.0
EgFQr3G6A7bs2SL8EobjeCdeGfZYrgNhoM34NRKxNYrT,23CTZMjEYNNZUE4itfn3iv6kgM4xn7X7dx1kVX1Gr8Xi,12.21
5su9sycBdiSRg1HFqKWV4gWVCZsJUj9R5PV9Wmpfu7Gs,8NrAzg558TYtwdGYcwomsLHfdQ5dwEYckXqgfL6tpump,20.59
FWabHzgGLWbpWTNP8noYU7wLu6ARXPk3Ygt647jdQ1Mr,FvgqHMfL9yn39V79huDPy3YUNDoYJpuLWng2JfmQpump,75.23
AcLUFV2GQkYQPG3XkM19Vka8eUxNHyBXVnSQz1M9N7wD,6KhajJRqpeCzyMjSFKo4etqrDpjesbSpMFnd1K27dWzi,38.87
Uj1M8FbadQW3XVLNtrmn3jcgh8LDVQbPxpJwxyRSKvG,CBdCxKo9QavR9hfShgpEBG3zekorAeD7W1jfq2o3pump,8.04
6Hu85GZPz74fEqiT5aFVdXR2yAuKFFiVW2Yqkv6Nx3JR,2FGqMdHMTrGGBmVStucjBzD6ZoN5VDYV8CtK9QRXpump,20.0
6Hu85GZPz74fEqiT5aFVdXR2yAuKFFiVW2Yqkv6Nx3JR,FLqmVrv6cp7icjobpRMQJMEyjF3kF84QmC4HXpySpump,200.0
DEabpWitAzX2jNn7sSxu4ExKbp5wRKnpBScj3M9dyuTk,5PsnNwPmMtsGZgG6ZqMoDJJi28BR5xpAotXHHiQhpump,70.0
4HrR65JA1vimraG6upuyX2eutsDz3oScMYQ7vYLdv5fs,6E4NgMPvK7fNYPUVc15rVCE3qM3qDrZKLii862HHpump,8.0
929fdCX5PbGr7rxrUb7GEyVbxka9WXszGkzHrnnCZ58m,FQ1tyso61AH1tzodyJfSwmzsD3GToybbRNoZxUBz21p8,10.0
BARbNhs8DevyzzYVzrLacCmQDAcpxG9MAzxEXAxQxhmk,FjTJCCQpLU4fpH58mN1bTQXiQsjJVYai3QYFjYqYpump,20.0
rVYrYTYaJfMdarBusVEJ9EK9o6a2LvpCt9ztXYyVndT,6E4NgMPvK7fNYPUVc15rVCE3qM3qDrZKLii862HHpump,95.0
Ee7ktRU5cN7vN2aPmJ49PmT1ebsvFgPzHHiNkUyCHyNd,DwDtUqBZJtbRpdjsFw3N7YKB5epocSru25BGcVhfcYtg,11.76
5gC69ABo5qGPsxbBzervoexhFLZyERxaAjtGz8qZNzqS,6E4NgMPvK7fNYPUVc15rVCE3qM3qDrZKLii862HHpump,10.0
61bXeen4NBSAh54u1gpsnt9azRGRpfqk1CYKBeahuBfe,FuQASH8ps9NPeDu4h3rVtMBygKYoSiSTZ4uSiA5tpump,24.21
BpyzJxfWswFwofWLiE3fxZUU7qM2bHmsX8E2rbwKqAhc,CWFa2nxUMf5d1WwKtG9FS9kjUKGwKXWSjH8hFdWspump,20.0
BARbNhs8DevyzzYVzrLacCmQDAcpxG9MAzxEXAxQxhmk,CNvitvFnSM5ed6K28RUNSaAjqqz5tX1rA5HgaBN9pump,21.0
FdmSZ2XtKuoMGUjpnNteiUEGMk7DDnWrSt9T3uWYxPHG,9PR7nCP9DpcUotnDPVLUBUZKu5WAYkwrCUx9wDnSpump,141.63
FTQWvJFb5tBhEQTtyTxzJdV3QvTsJh14ofRC9S6DE5Lq,HAPPYwgFcjEJDzRtfWE6tiHE9zGdzpNky2FvjPHsvvGZ,59.75
GmhR3xihv6h1dwgQvphiiJFTR3s78PAn1nmudrTFn4iZ,9WPTUkh8fKuCnepRWoPYLH3aK9gSjPHFDenBq2X1Czdp,6.27
C91HMGem2D42f5zBtVj5GtFmDvhauPtd18A891rgcUVD,CefZxozhhxK88XPJoeWBczYSaBPd35tsKnziTH6Cpump,41.13
64wmHEP7k9WN2gP2eMXzMspXU6cj1f16Yigf1MDkcFnH,H5vzJzbcrKsiS2cHDmGmn3Xz8xS5Lm8BTJPoTZDUpump,15.0
FXm9DK5NMcixa27wonMZSP45HNCTmVZT36jUvRazge1,F5hXpxtsK7UeFC2gsbiTbyhVrUNXN5JG7xkDqpQfpump,25.29
7bQnmVyta5EhrAGVidTM1xARpm5tkPHhvdnJ8hvSyBfr,FtoUJpmc6gjUk1FSAmpev1nXi44D6JNnWwimgCJCRXMK,15.91
7pnBoi27GbsH7dLY1EF8GuxCF6q8q63HuWwcSBfJQi1m,GxdTh6udNstGmLLk9ztBb6bkrms7oLbrJp5yzUaVpump,19.0
GctbgQNPfYm2rj2H66ZqBLLat2kyt6LK2d2435gDg8BC,7dxQE4YXrWqtwUVb8W8HjfPT3t4H4dWZfsDWRWKupump,39.6
GCW15CaSZKf3UTM5eVHTYMmfeSbGUDAV4wqHJUXGnqXj,51zudBR4NmATG35goida4dLQH5YPn9k8hVkLcizNpump,6.0
2iW2YLGUPE99QzKwde5iJy3sdKLPpTDkwsaC2qM3JvU8,DKu9kykSfbN5LBfFXtNNDPaX35o4Fv6vJ9FKk7pZpump,10.0
BV1dMRra3MQ7wVkSQctNQdWuVYpLgUpeA4wxjmthYeor,9f6YJrR9jMjp7iKf9Jay5omRnorSjSEbvEAdoSkJpump,6.72
CPEiEGbXAgUmNgJ1pBuwYPBMgt1dFjjsvrtjYvfEjBtV,FLqmVrv6cp7icjobpRMQJMEyjF3kF84QmC4HXpySpump,88.0
9Gir54PY6be3JQ8LwQWimHNU8hP2dZLZUVQoV2E5CgCR,9PR7nCP9DpcUotnDPVLUBUZKu5WAYkwrCUx9wDnSpump,90.0
HesZGXYqW2W3j8fKycj3Aqaw7T37hWBqj9uzgLuAfJpZ,EG1Y8goUGa7y4iRYRgLgwBmSHc4Lxc91qL35cdDNBiRc,22.0
9TZ3rQiBiSDHFFmRHRnqvo5MPbJWqU5KLZnFeF6gzjWx,GtDZKAqvMZMnti46ZewMiXCa4oXF4bZxwQPoKzXPFxZn,12.66
C4BNE2GodE94BqvtddKM4LMtaCsXyBuiwseSgCMShZuR,wUtwjNmjCP9TTTtoc5Xn5h5sZ2cYJm5w2w44b79yr2o,12.34
DDRqPLzAfAg6co7VWgvQRWprLm3asvZ7gaVNCpEY39Yr,FfYhzJ7j3rrs4m4i1wKy5Bz5aYW8mKEGq2rxChU3pump,20.52
wTPE11xX7k5yYwNGVZbQf4YbNigs5V7pr79E3SsRm8z,RAPRz9fd87y9qcBGj1VVqUbbUM6DaBggSDA58zc3N2b,18.0
HAxBfbv5XtcVSUWQWMdrd46b7o2YZ1Fgb6w4PmU5Uuke,rizo34MUwbCBqpSTSfnEktdWB4CTByqqYh8zBxL3WAR,33.01
GLmxRzJSnTTc1FX7v2vmvW19nPp2WHnUENw8HCgTvTyd,5gibLrjR6vEhVrxT5oP5GoFTfgH1Gis7thmwBbbNFBAE,8.0
Crtdyqo4ScUZcYtVqmthZNc1DyNYMuNkJXMcFNeQTvzv,FtoUJpmc6gjUk1FSAmpev1nXi44D6JNnWwimgCJCRXMK,15.93
4owDLADv5UMwNNFaeTEuyA5Lf7md2jVQUee3sx3vXeuP,FtoUJpmc6gjUk1FSAmpev1nXi44D6JNnWwimgCJCRXMK,8.37
83Dmv4uC6wq8d2t26dF3R6ouemsBY7S2VsNJu327mDAi,6d5zHW5B8RkGKd51Lpb9RqFQSqDudr9GJgZ1SgQZpump,20.0
FoGaNXdr4aEzWDN1j7N8tjc2n52czWVmmsaJh7JukYHR,HjdE4j3rHC7YMxFMHXSgEzXoNcVU6YBCfg9Q1gTJpump,15.68
5PyJfeYiYtKzRUgyABAmNzX8664t175u1dsVuZ4ENi3M,HwPtbFpd3VTe3tfyosoVtPf9WPuSk5gAKkN5xp6Npump,9.92
wTPE11xX7k5yYwNGVZbQf4YbNigs5V7pr79E3SsRm8z,7eXof8gSkATygwMH4tkP3M5SDa3GCzHJWGo9bQdujrZJ,15.62
H3bxhTQZpAgsfkSDtx3KwsH7Cm45KmLtVApmcGAmYSuz,FQ1tyso61AH1tzodyJfSwmzsD3GToybbRNoZxUBz21p8,10.34
4F5Yr1UJcRgj7dSYfPq6iyqyFv8mGPJWHj8Jkc8qBniZ,DwDtUqBZJtbRpdjsFw3N7YKB5epocSru25BGcVhfcYtg,50.0
2sHY23WncKvVzcUznruzC4U2FvjkZ9PNVKWq5aMiX62j,Bz4MhmVRQENiCou7ZpJ575wpjNFjBjVBSiVhuNg1pump,30.0
GLmxRzJSnTTc1FX7v2vmvW19nPp2WHnUENw8HCgTvTyd,DueNdyyx5a1ZMeaZr5kSSK3BjM5ADnDmhnD8ya4R8pGE,13.83
9Gir54PY6be3JQ8LwQWimHNU8hP2dZLZUVQoV2E5CgCR,FfYhzJ7j3rrs4m4i1wKy5Bz5aYW8mKEGq2rxChU3pump,30.0
BKfziVFLtzHsDMbkq9uvVXMH7pYxsd42nCWTNGvxGkZw,8grrziX7KWvYTF3BFNGFF6GtURN56nGrVAyKaAGKpump,8.83
GJWtU86VSjG9gcTvsfz2yyLaETvAqRe4bmqLfnBP5BUe,B4eppPm1Dj5Nd7KsN1cdJfQgWSSqqSfi9BsNZYkUkXm2,14.8
HesZGXYqW2W3j8fKycj3Aqaw7T37hWBqj9uzgLuAfJpZ,BX4X831xPAS2xYi7PQQyVrBvHWyftU53PVz1cPwLpump,20.0
7HGwBPjoGBqHnSPqv2JF9QnySKuojmUKgH8hiHYGesQA,EG1Y8goUGa7y4iRYRgLgwBmSHc4Lxc91qL35cdDNBiRc,25.0
hyPEEahTS5u6xoKPJHpH5pMZxjYGkneqJivtTKLBgwc,8WnQQRbuEZ3CCDbH5MCVioBbw6o75NKANq9WdPhBDsWo,20.0
AZRs1EgvpTXmwhTMBymav9BxdVX212D3MDfgWm4xvWxF,CBdCxKo9QavR9hfShgpEBG3zekorAeD7W1jfq2o3pump,13.0
77YQpN38kD7oaMbmYucZv1bhbGgJBy3ZoFUu4MYLEZQB,DQc6FTgu2HiB1PMUkHj8SATCtxsCeeMz5hiaqwk1pump,7.74
4b889G4XAajVdqx9HPkX9aPSHwsFG7cSmJKHWTwJXAfF,8x5VqbHA8D7NkD52uNuS5nnt3PwA8pLD34ymskeSo2Wn,27.61
Go7e5wGBeCypzZYysZQzh4iPtUrbtPq5h9iJj1krFJCE,CQc7KZe9SvkrMXbRaehCT39HBiGgQFexVLSaoYsvP3Ue,20.0
CrHNvB9rKDiEGpLBYsfjdB6muJfb9QaWmHYcovSgTUgz,6E4NgMPvK7fNYPUVc15rVCE3qM3qDrZKLii862HHpump,20.0
AJonwHiQRzwk85hN1hpMqd3sfFQ5uxd2fEJBgk9u3oGb,4eKpTh1XedMmDc41sTfYmGDtALQYYHZZyawdwPMPpump,20.0
28FaJVf4uchpWGEy8YeKmh1wXqgV3hSRkPBuUCcw8eW3,FvgqHMfL9yn39V79huDPy3YUNDoYJpuLWng2JfmQpump,32.58
F7AGXP1f8PNqmFfhtDxkNQqjhWBanjQhXefjuuowpuu4,CNKEXXypBC66cZ111Mg3JUxyczXS1E9T6MWEufzQZVMo,35.04
5JnWzYPtLkHREFWrNvsinELX6ANxGxa5h13Xjj72Sb7r,7wUwkXo8Qjt3cYM8BaHHHeyfDY7ZSn7qvod92pNupump,8.19
F6ty5p3cxa1RZ7HRAiAN7dNtZ2jL1Ezdfx4WFvhzLR9E,FaDQpUC4rcbUWonVmN6nULcWQnEDqk8RzWBfaanVt5N9,7.96
CPEiEGbXAgUmNgJ1pBuwYPBMgt1dFjjsvrtjYvfEjBtV,zAgSwaSC2XjeM545v4YT4ifMpnxkuEE1f8Fq2Ygpump,25.0
2sHY23WncKvVzcUznruzC4U2FvjkZ9PNVKWq5aMiX62j,Dfh5DzRgSvvCFDoYc2ciTkMrbDfRKybA4SoFbPmApump,73.02
9YY5gZtUCRsEGukPCiwMZNhPK7gv5odiV3KAKT32Aox,GinNabffZL4fUj9Vactxha74GDAW8kDPGaHqMtMzps2f,19.83
6eom4XDrFMaUAWn5K9idJAhm9KCVznBGMctXGDan8joX,GJtJuWD9qYcCkrwMBmtY1tpapV1sKfB2zUv9Q4aqpump,135.0
CBRvUc4qKowpE6k1qfsZyvTU37xtVncvk2xr7qAYPbiP,FEiphCSAqjAxvtyMxj8boFTABrZBFyngfyrZueqeMw3q,20.0
6eom4XDrFMaUAWn5K9idJAhm9KCVznBGMctXGDan8joX,3JqmExRvByUPbCyMvYYyuic3CASSY13qmiaKSuo9cCGR,88.5
jfW7UdW2Nqr89Bnd6MmAMUREPv7tkYXKGQhhHyuskwr,9f6YJrR9jMjp7iKf9Jay5omRnorSjSEbvEAdoSkJpump,9.45
EbNr5s54pCUFzEyBDjJWwqYQc7R5E8udmPEpDLwpbjKq,Dn3AKjKKt2QVLCSaEzt7Yhief6xsgxTyxv32rKYDpump,9.9
82THzMXetWZfgKLn2ukLWQDb7BGoL6FRYjXrrvarLt1q,EPpeesRbnZSpe6nJaWSQNyhqrwyjGJPh4GPrzBvkpump,6.0
82THzMXetWZfgKLn2ukLWQDb7BGoL6FRYjXrrvarLt1q,DcMkFnb9ktSqsnjnZmEQZShhSXVRf4ZXq8YXv644pump,16.0
6zHcjFHjd3X1ptLznSJ989LVfKZvnmKN96dyvwfXoFSB,71AZt4P5kc5vpfTJR1HjNbMzD84G7vxam4DtL3kJpump,9.0
4Wt5PpRuyfi7R5TM1FhsFvR6LLbjNoADYNNxXN3hxy1q,zAgSwaSC2XjeM545v4YT4ifMpnxkuEE1f8Fq2Ygpump,33.57
8JpV6zZ2VyX4fEYxcrKxotenTW4CgiWaZdd5u4woDbTj,A8C3xuqscfmyLrte3VmTqrAq8kgMASius9AFNANwpump,63.39
BF9WdfRe5iGsPXVAbaX5uDykb53iQUVkuJ1dtX2V9vHk,FtoUJpmc6gjUk1FSAmpev1nXi44D6JNnWwimgCJCRXMK,8.14
9zJ1ckz2AUxSGD3Zug8jrLvhWt6K1EJW5kWcDHyQ2As6,9PR7nCP9DpcUotnDPVLUBUZKu5WAYkwrCUx9wDnSpump,16.0
CNeGCcGADULjpkE68i8qvqRHDhJeFcg2YwGESkjNkMH2,FQ1tyso61AH1tzodyJfSwmzsD3GToybbRNoZxUBz21p8,19.8
Asc7Ct9BcJSwSfpr5A6xbTcgjk8Y4yHNHeubAj3tWjbh,88YxavkzLJWXdRtqfg54gANpmn8xQGSYed65dGuc8qH3,18.56
5aCknDduBPwNbyBP5u4Y1CczyhCzF4jWC9h2iay857fo,FvgqHMfL9yn39V79huDPy3YUNDoYJpuLWng2JfmQpump,28.03
BRwgq5NAwBEuzUguCAs3yusxBh3kNgyM6j6znuXQSPdT,GxdTh6udNstGmLLk9ztBb6bkrms7oLbrJp5yzUaVpump,5.6
8G86vPWez7vWamp4sUoQFxE6svf7Ysu8aVxvPRq8dDqm,HwPtbFpd3VTe3tfyosoVtPf9WPuSk5gAKkN5xp6Npump,10.0
6cCCZQAbSNhYbdX8ppsLUXCPQfFGzhLaohTFr8G9haNM,2z4WpCa6kJS6dkAqAZSD6hLzf4RYLpKefcTbKj7upump,10.2
2eJAcUj96Z372n817vzpv7BxatAs9rQpZgD1Je5WgBZL,9j3M6sv9EZcfkJfhmHs8kQLYbVzAfBKxZRbkAhYqUdS3,5.5
82THzMXetWZfgKLn2ukLWQDb7BGoL6FRYjXrrvarLt1q,GgvFJw7eGMwVruF3kTYeuwiTGBx12buZxt6gG6FTpump,10.0
DLSMhuznkNcmCXxfkzXsgb8VMTg2oKPHpMbJwXB6mPBH,EG1Y8goUGa7y4iRYRgLgwBmSHc4Lxc91qL35cdDNBiRc,7.3
Ae133Nvx5w1iZc4a7yryauzSUwNJrvBCk7eaEPiXQ1me,88YxavkzLJWXdRtqfg54gANpmn8xQGSYed65dGuc8qH3,6.7
Gq769g3T5oqLxsnrpNHSfJjXvPxh945MZVD43WA6DVwc,FtoUJpmc6gjUk1FSAmpev1nXi44D6JNnWwimgCJCRXMK,9.67
DLSMhuznkNcmCXxfkzXsgb8VMTg2oKPHpMbJwXB6mPBH,CWFa2nxUMf5d1WwKtG9FS9kjUKGwKXWSjH8hFdWspump,6.8
GrCiWKJCUi2Rioebw2U2NzZpEBa5g3UxJowou9vakpFu,9PR7nCP9DpcUotnDPVLUBUZKu5WAYkwrCUx9wDnSpump,64.38
DLSMhuznkNcmCXxfkzXsgb8VMTg2oKPHpMbJwXB6mPBH,CQc7KZe9SvkrMXbRaehCT39HBiGgQFexVLSaoYsvP3Ue,6.1
7PEDxYFWd9VXLoxddpMaG2eSitFaXvF6qrXGs2vH64AG,GqmEdRD3zGUZdYPeuDeXxCc8Cj1DBmGSYK97TCwSpump,20.0
9zJ1ckz2AUxSGD3Zug8jrLvhWt6K1EJW5kWcDHyQ2As6,CWFa2nxUMf5d1WwKtG9FS9kjUKGwKXWSjH8hFdWspump,12.3
BQvCKhBroVKvyVDUUjVJZmb3za8ZukE9YXWQ9oJLjFSC,A8C3xuqscfmyLrte3VmTqrAq8kgMASius9AFNANwpump,19.5
7PEDxYFWd9VXLoxddpMaG2eSitFaXvF6qrXGs2vH64AG,3qq54YqAKG3TcrwNHXFSpMCWoL8gmMuPceJ4FG9npump,20.0
BRwgq5NAwBEuzUguCAs3yusxBh3kNgyM6j6znuXQSPdT,GgvFJw7eGMwVruF3kTYeuwiTGBx12buZxt6gG6FTpump,5.75
DXWdetgipRrW2rewLfowSe2cDnQ41Nckt1XEgwCSMPZR,73UdJevxaNKXARgkvPHQGKuv8HCZARszuKW2LTL3pump,11.0
47Dks6jT1jrpKfhWk5wCm21eLxe5ssQJB3kNGC9QCK7f,4eKpTh1XedMmDc41sTfYmGDtALQYYHZZyawdwPMPpump,107.92
EFQcnM367Hcqp4UkTqry7W3D6yXguY1k2NgRf4gHywk6,9j3M6sv9EZcfkJfhmHs8kQLYbVzAfBKxZRbkAhYqUdS3,14.0
8ydPW2wgiKLucDnTWjHWfkgXFKi4pXckhsAeFHs7F2r5,9j3M6sv9EZcfkJfhmHs8kQLYbVzAfBKxZRbkAhYqUdS3,11.8
Fch7Yxjuf25TgSjKcY6JQcgKquP2bjRzNzJAf3J3iYcW,8x5VqbHA8D7NkD52uNuS5nnt3PwA8pLD34ymskeSo2Wn,9.92
CNeGCcGADULjpkE68i8qvqRHDhJeFcg2YwGESkjNkMH2,EG1Y8goUGa7y4iRYRgLgwBmSHc4Lxc91qL35cdDNBiRc,69.3
G48DwSiYb5xnmafsQCzPa2JSe2qJrcJDGpudRtbPo8bL,bozdUuCb2kdipxES9PzsYHmDVrf7FBTSW3p1CFBpump,20.56
CqNv4qgwQVzZxxS2f4XYVapV5mqms83urq1r6nXwwPEw,9DZvu8yahirm6NagRa7Cm484VbUwZYKRm3xvpMrbpump,5.74
Btcnet74m4CLLZYtmQs33a8boTNVq18JeVt6RAfKDXoU,88YxavkzLJWXdRtqfg54gANpmn8xQGSYed65dGuc8qH3,8.87
ARiSSk6F82sLwAoZEp2rnWFR96Vc6SFuogv2B1eCNjRx,4j9bDg7iWNah1Qa61rrqwWZMtEdqV3fV56SzyhfNpump,32.74
A4pKYbjdZTrmNHCkrjN9EueGGyJ3Z8JB2LhovhJgqEQC,FvgqHMfL9yn39V79huDPy3YUNDoYJpuLWng2JfmQpump,16.0
J8WLjgjd97qMvmripJASw7ALzvJH3DhmPYqMN6gFHBdG,GxdTh6udNstGmLLk9ztBb6bkrms7oLbrJp5yzUaVpump,8.5
ATcKSBQGLP5szoPUxfcNxUvTtSAHofQfs8B4ybBCyk9E,AnGzGiQ6ddzdqWDuWy6vmibqDv8rsT2QKhcgDrwTpump,14.19
66y181hfgZ7cs7XwgkseFEWN3N1c4WwhMa8DMCpTFW9T,5LafQUrVco6o7KMz42eqVEJ9LW31StPyGjeeu5sKoMtA,221.8
7jqmgkYby2TbzRskydZipb2fiXc2mAHormMaU9LZyajL,73UdJevxaNKXARgkvPHQGKuv8HCZARszuKW2LTL3pump,20.0
7Sq7cj6DNf9PoE8QddQSm818praYJAVJTFbEWtpes3BZ,AxGAbdFtdbj2oNXa4dKqFvwHzgFtW9mFHWmd7vQfpump,16.54
26wa7966EAHudu2cWerhxhJJ8AdnyeMUiFw9SBTGi2Ky,7yZFFUhq9ac7DY4WobLL539pJEUbMnQ5AGQQuuEMpump,24.51
vGRFtzqfmFkUAA74X9XCZiou3qbFK9F3S66j1s7vta5,4Cnk9EPnW5ixfLZatCPJjDB1PUtcRpVVgTQukm9epump,70.0
8U8Uhk5Uc6weGNsGiDEzGvRLDYxun6gPSq59xzE258fM,88YxavkzLJWXdRtqfg54gANpmn8xQGSYed65dGuc8qH3,5.98
3ZphLiNfdWKRfYJ4fNLwvMWh4W4WFhbtfLaViVRZf6uT,FQ1tyso61AH1tzodyJfSwmzsD3GToybbRNoZxUBz21p8,41.36
DA8GDjyKKiBriArgjtWeSvHz7k6EtwXcTThN9hiTJQ8S,GJtJuWD9qYcCkrwMBmtY1tpapV1sKfB2zUv9Q4aqpump,30.0
EWK6V4MDDcCC9JggydKND72UdwzYtC4rFiVLenrs9km1,7u9kr8ZCHnkeS2n46jVuyq6tUegAtaCUM52AQ1iARKP3,19.8
6oGpvJpqzPX4NfBKMCQpxnhH3QkKBwFZkhUBbGh7KRLE,BDbhJUMgQBQ1bJTKhSS9NsxZdfaiBG6Hgp8qNKpc3YSX,9.6
Bmnw5NQqid3t7133EF9fgPZ3hwawzbVH3kmAK2yNRnpn,4MPA8WbyYtKiufXDSdckEoMPdN5XK1Xw9S9LSLMjK5Y4,19.83
Fnrqk4D55rF6PpvzoSPGPrTCiBf2EFbWPvH7T2dnKU5W,FtoUJpmc6gjUk1FSAmpev1nXi44D6JNnWwimgCJCRXMK,6.88
3cgJX8YQ3utuuLd7uydqtTJRvm4v5wevLGR5phNi9zx2,9j3M6sv9EZcfkJfhmHs8kQLYbVzAfBKxZRbkAhYqUdS3,5.3
Q2vMPhN9YzKJ6Yi6a7YKmewYxd34CjjBHvZiAqybVEB,7LHPqG5M67U1gXDiVSph7jMLDdqmcRTCSysqzrTuWEQm,9.27
Aq9Z3Gf2TTa1p4c2TeHcYvwe2rokJXD2r6aaXfMsPjnz,HwPtbFpd3VTe3tfyosoVtPf9WPuSk5gAKkN5xp6Npump,62.38
2ktkqFBpicQvE8npm9vpXFTAYouZeigpN75x8H6CchRq,wmQUn7SwNJw31LUJJTeGaen3XRqC4noyLLJKBQSSZTS,20.0
2M9QaJG7W5RZVAyZLij9XJkTm418n9P6epi8CPtJ9ZSK,CWFa2nxUMf5d1WwKtG9FS9kjUKGwKXWSjH8hFdWspump,15.1
2M9QaJG7W5RZVAyZLij9XJkTm418n9P6epi8CPtJ9ZSK,FfYhzJ7j3rrs4m4i1wKy5Bz5aYW8mKEGq2rxChU3pump,16.63
9d2HTebtsaur61A1cSjqjtwnYgjrd1JLz8TPpBan9YvQ,CQc7KZe9SvkrMXbRaehCT39HBiGgQFexVLSaoYsvP3Ue,23.53
C8gJZdLGB7gA9BtFtwRPbdyPcfEYGLTCmRwC2We6QU7c,FvgqHMfL9yn39V79huDPy3YUNDoYJpuLWng2JfmQpump,10.0
DaY9teUSrTvsQGn6NP7KvjaM2ixDiCtzGg8UNAEA7LSU,CNvitvFnSM5ed6K28RUNSaAjqqz5tX1rA5HgaBN9pump,10.29
BYw927DxAbWc1MdDEURgKmmEa6XV4ZjsYXuEHNzLN1Fq,9j3M6sv9EZcfkJfhmHs8kQLYbVzAfBKxZRbkAhYqUdS3,8.3
7PypumCQ4wco2bV4UAjCwbrdCdnWwyAacjxRhX3yuz8R,5ztN73tntZbv7JC6ZzmEfXmzaUvJm6UEgNjzEfTtpump,20.0
AYPgwWsHuZxj6gWTjAwwH4cHUL8GMYdLRseX7xEYCb5m,HB8KrN7Bb3iLWUPsozp67kS4gxtbA4W5QJX4wKPvpump,21.0
7GMad5jrt9zN8DjHsoY6Lmz95DMrmfzFEbCex4fjtMmi,FtoUJpmc6gjUk1FSAmpev1nXi44D6JNnWwimgCJCRXMK,8.95
FkfNxLyzFsQFZizwPoYyR3XsqQHPgQS1KzNiKDLUcvMC,GxdTh6udNstGmLLk9ztBb6bkrms7oLbrJp5yzUaVpump,10.0
CLpDttr14kM4svu7jypK4rzsMKdJYAR8emGNPaWs7omB,6E4NgMPvK7fNYPUVc15rVCE3qM3qDrZKLii862HHpump,80.0
E729gNLV5A3aM5SNYwqAsuozAHwwbWmLYM4BWM4AwFUP,EG1Y8goUGa7y4iRYRgLgwBmSHc4Lxc91qL35cdDNBiRc,110.97
2JXs6h4DbEEx9yW6S5X3Xxa2iCpV2ZgKPbxq3QRLn1Dj,EG1Y8goUGa7y4iRYRgLgwBmSHc4Lxc91qL35cdDNBiRc,10.0
BCNfrwTSBRF9imVjNS6XPbaCmn3DgDEeyDP37rVP6xHU,FtoUJpmc6gjUk1FSAmpev1nXi44D6JNnWwimgCJCRXMK,12.33
BfcQwUZMsbMQwnfa2AeWbnShQZKiR6vxbwAJfZzJEdKi,FQ1tyso61AH1tzodyJfSwmzsD3GToybbRNoZxUBz21p8,10.0
J8WLjgjd97qMvmripJASw7ALzvJH3DhmPYqMN6gFHBdG,GJtJuWD9qYcCkrwMBmtY1tpapV1sKfB2zUv9Q4aqpump,12.4
4R9aHT6AryWt17Zbi6PJHcUgDmrS2RJdtC8hF33f8kSP,HjdE4j3rHC7YMxFMHXSgEzXoNcVU6YBCfg9Q1gTJpump,6.5
8gVAx7gYpr6YYNERfrwwuj2Xxqh8CbuxfsNJQjntyghJ,CBdCxKo9QavR9hfShgpEBG3zekorAeD7W1jfq2o3pump,9.24
CgfkbSbNnvtd2mszjAnnw86dofCTJKTNjbpaZKuUDDX4,5NmDofUfjrAydmLGRyXrbiYRDZ2LhvdEG3jLWHUTpump,22.33
3vfTWmJqK34nWXwtEeB2SPJdXZu1AYc18gNYVYPgPNnn,9DZvu8yahirm6NagRa7Cm484VbUwZYKRm3xvpMrbpump,35.19
6pLoyAqAj8DQJtDbzH5tCes4vj4mhm3dQqUDvcc9qK7E,BoAQaykj3LtkM2Brevc7cQcRAzpqcsP47nJ2rkyopump,20.66
3MahMhrYhAmA6FcvoGquEcTsAavjr3uLAm2GNPkaS3Hv,GJtJuWD9qYcCkrwMBmtY1tpapV1sKfB2zUv9Q4aqpump,20.0
FsnnuX8G3HtabR4ffAMtrdUsfgXHLdzMpin3RN8rArLp,74ZnBs4M4q2icYPLKry6RDFhCEKwgYNZAqq5Hxjkpump,5.06
DaY9teUSrTvsQGn6NP7KvjaM2ixDiCtzGg8UNAEA7LSU,5SVG3T9CNQsm2kEwzbRq6hASqh1oGfjqTtLXYUibpump,10.35
A4pKYbjdZTrmNHCkrjN9EueGGyJ3Z8JB2LhovhJgqEQC,CWFa2nxUMf5d1WwKtG9FS9kjUKGwKXWSjH8hFdWspump,20.0
3CMdQXGcbbSrEgMPMQ85iFV5rNRAWiaKPixYyR8rHQ5a,Cwe5k2iEy8dt7vCGY93GBrqQS4FWyac6pQjvjLcPD6qp,50.0
3BznPYH9uMQYLvTkaUK5k4iNXUFRVjCuDe4fx3gdzHJ8,8AS9yeGsAwvTs9gCDKMmB2MgX8NiSvv4uppH61yqpump,14.83
3mTsZUJ1Au6yYnvBjiSQfdKSn3csNHYmxxWn3kbAgv7B,AnGzGiQ6ddzdqWDuWy6vmibqDv8rsT2QKhcgDrwTpump,8.07
5wFp6qn3LFtEktQyCpFovRtVKcXkrx63S3Lqz8qv5x7T,9j3M6sv9EZcfkJfhmHs8kQLYbVzAfBKxZRbkAhYqUdS3,8.8
HdLsKEjza9za4ybE8Poo3uMCdmyAx4exz5wqzeq7uKc6,9j3M6sv9EZcfkJfhmHs8kQLYbVzAfBKxZRbkAhYqUdS3,5.8
BarAqaBtpbUNcrLECJnD1VnLvjJvK9Lej6S2dopGmKQE,KENJSUYLASHUMfHyy5o4Hp2FdNqZg1AsUPhfH2kYvEP,8.5
dsu3WeokvTjxu4QAs6Ysy7n2Qc6bHcf7wKAV6gPuide,FtoUJpmc6gjUk1FSAmpev1nXi44D6JNnWwimgCJCRXMK,6.01
9SgYVHb7zrEg6ZjfMaMbis1oZs8QDtmak17SqyVcUcFC,4eKpTh1XedMmDc41sTfYmGDtALQYYHZZyawdwPMPpump,16.45
91aNmkVTVTezmvsGeu1T1ZK9ZCLVDXeT6nPsX6BDdJmQ,CWFa2nxUMf5d1WwKtG9FS9kjUKGwKXWSjH8hFdWspump,41.04
Dg34Qo3KSDuPxoy6fMnzDRycbXfZ3bhf1K82JoNDfrtm,7fgkPfcSrv3WHfWegTrT1UFT4XhkNFhYeypyEiqepump,50.0
A9dzie4a9oris5r6mFFuWuvZ8xZWFCzK45Wos3VCQnB8,FLqmVrv6cp7icjobpRMQJMEyjF3kF84QmC4HXpySpump,20.0
G69Cc3D1emJfc8iWW9ooihYXnGiXx7XUkFGCpq3K2Z3Z,HwPtbFpd3VTe3tfyosoVtPf9WPuSk5gAKkN5xp6Npump,7.38
E7cH5EX49mB8Twzm6qz1tSCqtnrvDWMXb7xhJzXA5EmC,4eKpTh1XedMmDc41sTfYmGDtALQYYHZZyawdwPMPpump,6.0
22hQSTCXbgQdVVEUWBaHqZGwXuu18mnSp5jbrLvQzcxK,HeJUFDxfJSzYFUuHLxkMqCgytU31G6mjP4wKviwqpump,49.5
BgJeCJUiDKDXPtw9uXsU8w7R9784yL3a2u8SuHuPchTA,FQ1tyso61AH1tzodyJfSwmzsD3GToybbRNoZxUBz21p8,20.54
HN8uD9WJDifG1s54DL12TVXw1qzQf2iSzEmDbNXaW2Mw,ErLCQkwNXXhTC5osxsgUEHi1MukD3Wgv7FhG1gnwb6LY,5.45
BKamoBHhazC9HRdszY4iyPRdF6AybtgPznzNpdoFPRum,UrAE9vVdrWxncikcCRp7TgNqEsArFtP22iXzH7gpump,208.35
DAFYfkmEL7RmkJBG2vmXEAzDc4dvAfby6b5d8xW19Um7,6E4NgMPvK7fNYPUVc15rVCE3qM3qDrZKLii862HHpump,50.0
GzfMxWykE5kX5q8b6jqZGwz7JyfTpuEGPH4mBxc4Y4vR,HB8KrN7Bb3iLWUPsozp67kS4gxtbA4W5QJX4wKPvpump,20.0
4KBD1t1kGSENUUHnL9C5ooc66e2GHRV1ktG4LYLJXUuc,DQc6FTgu2HiB1PMUkHj8SATCtxsCeeMz5hiaqwk1pump,72.38
AzsqBbJzZ3bBVSFWf9DyovRg48ahsGCUjHRuGUXxMLkP,8NrAzg558TYtwdGYcwomsLHfdQ5dwEYckXqgfL6tpump,5.22
22hQSTCXbgQdVVEUWBaHqZGwXuu18mnSp5jbrLvQzcxK,FQ1tyso61AH1tzodyJfSwmzsD3GToybbRNoZxUBz21p8,49.5
H5bZDeY84GY6R7qUZMMdNjeBm6FHs1yxf8FTHm2ijaxh,EG1Y8goUGa7y4iRYRgLgwBmSHc4Lxc91qL35cdDNBiRc,9.9
9U8f6YDD71WX4TPNiP6pKpHq5q6dyqHTK7ZvMJGoeV6s,Dp4fXozKtwgK1cL5KQeeNbuAgFpJtY3FbAvL8JrWpump,6.15
ARnKHatt89qdzRYV86v6z73PntkRxaPuv2RHhDZ68HfV,4eKpTh1XedMmDc41sTfYmGDtALQYYHZZyawdwPMPpump,10.0
ybsacNXDmkTzD33wqd5f8qaY3N3x8j93ZSeko8BBzvQ,mDshrPRV32j79trDVEQjdRsfZ1zdzjwh6eQK9e9pump,5.06
DRQVwTYAz6U75BexNcroyoTbvkPqS68m5kouSejpjd55,82zJt2MhzxHejfUDyubm8Qvhko6BGdgUcZnVZvKrpump,20.0
6k2c1GiEJbwrXugks6EDbNzyeyUNjCG2MM54JUos6hWP,8x5VqbHA8D7NkD52uNuS5nnt3PwA8pLD34ymskeSo2Wn,122.53
DFVnMaPzWfgL4JyiyifGxxeLuaNN9mCM3A8RQPQ1f9Dz,8x5VqbHA8D7NkD52uNuS5nnt3PwA8pLD34ymskeSo2Wn,61.58
DRQVwTYAz6U75BexNcroyoTbvkPqS68m5kouSejpjd55,9MT9TEqxJQcSYjzBhXJzQvQa7rvjPLN7FyamYvZpump,42.0
5Qar6dwzrjKWSXaUZwKNNwv7xuBYMojNwBrZPF7nqK1o,CUkCHMWz1Zc5F9a8V1onxaxpZRFhiALHPmkRabgmEDtf,9.28
F9mZq28xqanF7cMU1UuEr8eoUwM7iyD2NByNftqzUCue,4Cnk9EPnW5ixfLZatCPJjDB1PUtcRpVVgTQukm9epump,15.7
G9wDkXnC4H7buvRVbmkV9aawXJAHsvbm3Hztey9DYkXk,GxdTh6udNstGmLLk9ztBb6bkrms7oLbrJp5yzUaVpump,20.0
6wzZk7jpHJFp94e7AnKxx4FpoKhK3Ucs9EGSkkPJVw7z,EG1Y8goUGa7y4iRYRgLgwBmSHc4Lxc91qL35cdDNBiRc,69.3
5tT9SBgeVDkgHfwrK4QMfjtSFGatbnDJqgJJiuGvwbZ8,HB8KrN7Bb3iLWUPsozp67kS4gxtbA4W5QJX4wKPvpump,187.0
C8u9wTYpsJRfzbHJHQ9Yb8xAmfo4yc25KYjRGSf8KNuK,568KUtdttP2zAFLeAQYj9ykZPp3XS851m1hkJcHNpump,10.0
6B1aNKMRn858GMbWqjzif9aorX1wNrsy8Ec7qRR3Z1Bf,7ZqzGzTNg5tjK1CHTBdGFHyKjBtXdfvAobuGgdt4pump,8.23
BgJeCJUiDKDXPtw9uXsU8w7R9784yL3a2u8SuHuPchTA,EG1Y8goUGa7y4iRYRgLgwBmSHc4Lxc91qL35cdDNBiRc,20.36
5tT9SBgeVDkgHfwrK4QMfjtSFGatbnDJqgJJiuGvwbZ8,CWFa2nxUMf5d1WwKtG9FS9kjUKGwKXWSjH8hFdWspump,181.07
D8fHTL3ZDfpXuRdXJz8sBBiSF4RhU6t4fdpUA5gCcee,7wM4MnbsPsG95A3WhZgbrPWvMtydKmJjqKr2ZVJVpump,50.0
91aNmkVTVTezmvsGeu1T1ZK9ZCLVDXeT6nPsX6BDdJmQ,HB8KrN7Bb3iLWUPsozp67kS4gxtbA4W5QJX4wKPvpump,20.51
3NkXtnwdLefsydgtAL3V6NGmXHDs9jk7dhwoUXjhm38C,BDbhJUMgQBQ1bJTKhSS9NsxZdfaiBG6Hgp8qNKpc3YSX,12.0
DFVnMaPzWfgL4JyiyifGxxeLuaNN9mCM3A8RQPQ1f9Dz,GmbC2HgWpHpq9SHnmEXZNT5e1zgcU9oASDqbAkGTpump,28.31
2mLkAzcHAXTDy8NKFGKSMyPmDzk8dQ79U9Nrv7iUE7A3,GJtJuWD9qYcCkrwMBmtY1tpapV1sKfB2zUv9Q4aqpump,88.67
2M96Q5adwZTEsiZE7SgdQDFjsg757YP7ppYGs4rnwRjW,GxdTh6udNstGmLLk9ztBb6bkrms7oLbrJp5yzUaVpump,20.0
2cb1ZSRoaZzXGmmEAdy5YfeBZTBBbqZcpu8pJiMNcXBy,9j3M6sv9EZcfkJfhmHs8kQLYbVzAfBKxZRbkAhYqUdS3,13.4
G69Cc3D1emJfc8iWW9ooihYXnGiXx7XUkFGCpq3K2Z3Z,KQijDbNJ6rPCqhtXrfH6gKa5cH3a39At8vHq34nnPbF,32.09
2ztJkd8iaqU3tHvjorEyRNz29MFWgFL1cK6FP9AQvRfV,zAgSwaSC2XjeM545v4YT4ifMpnxkuEE1f8Fq2Ygpump,14.85
DFVnMaPzWfgL4JyiyifGxxeLuaNN9mCM3A8RQPQ1f9Dz,H2c31USxu35MDkBrGph8pUDUnmzo2e4Rf4hnvL2Upump,61.21
21SPPSvrN5W7a7cPrje4WRMv8ArZA1RfY7tFv1qKuLGt,9f6YJrR9jMjp7iKf9Jay5omRnorSjSEbvEAdoSkJpump,8.15
J3uC8L7Ff8aK8o2d31KSiffhVWMNkH3Jw3xXNqyxEaWq,9f6YJrR9jMjp7iKf9Jay5omRnorSjSEbvEAdoSkJpump,5.54
